,votes_dem_2016,votes_gop_2016,total_votes_2016,state_abbr
0,93003,130413,246588,AK
1,93003,130413,246588,AK
2,93003,130413,246588,AK
3,93003,130413,246588,AK
4,93003,130413,246588,AK
5,93003,130413,246588,AK
6,93003,130413,246588,AK
7,93003,130413,246588,AK
8,93003,130413,246588,AK
9,93003,130413,246588,AK
10,93003,130413,246588,AK
11,93003,130413,246588,AK
12,93003,130413,246588,AK
13,93003,130413,246588,AK
14,93003,130413,246588,AK
15,93003,130413,246588,AK
16,93003,130413,246588,AK
17,93003,130413,246588,AK
18,93003,130413,246588,AK
19,93003,130413,246588,AK
20,93003,130413,246588,AK
21,93003,130413,246588,AK
22,93003,130413,246588,AK
23,93003,130413,246588,AK
24,93003,130413,246588,AK
25,93003,130413,246588,AK
26,93003,130413,246588,AK
27,93003,130413,246588,AK
28,93003,130413,246588,AK
29,5908,18110,24661,AL
30,18409,72780,94090,AL
31,4848,5431,10390,AL
32,1874,6733,8748,AL
33,2150,22808,25384,AL
34,3530,1139,4701,AL
35,3716,4891,8685,AL
36,13197,32803,47376,AL
37,5763,7803,13778,AL
38,1524,8809,10503,AL
39,2909,15068,18255,AL
40,3109,4102,7268,AL
41,5712,7109,12936,AL
42,1234,5230,6572,AL
43,684,5738,6532,AL
44,4194,15825,20513,AL
45,7296,16718,24626,AL
46,3069,3413,6543,AL
47,1780,3376,5223,AL
48,2379,13222,15818,AL
49,1663,4511,6252,AL
50,3730,32734,37278,AL
51,4408,13798,18617,AL
52,12826,5784,18730,AL
53,3682,21779,26086,AL
54,8436,27619,36905,AL
55,4698,10282,15213,AL
56,10350,32132,43474,AL
57,1358,6705,8196,AL
58,2197,9466,11955,AL
59,1522,9967,11659,AL
60,4006,838,4862,AL
61,4772,3172,8010,AL
62,2286,5623,8017,AL
63,10547,30567,42030,AL
64,3663,16643,20785,AL
65,151581,130614,290111,AL
66,1035,5819,6931,AL
67,9877,27735,38813,AL
68,3611,10732,14623,AL
69,20987,34321,57668,AL
70,9340,28824,39400,AL
71,4882,1751,6676,AL
72,7237,1394,8748,AL
73,62435,89199,159473,AL
74,5607,5224,10948,AL
75,1432,11273,12912,AL
76,4913,29217,34965,AL
77,68429,91087,163387,AL
78,4310,5771,10185,AL
79,58669,33928,94572,AL
80,11216,37392,49991,AL
81,3823,1403,5255,AL
82,3972,5454,9494,AL
83,5039,7681,13025,AL
84,2290,7697,10130,AL
85,9577,9210,19136,AL
86,22927,72846,99208,AL
87,5550,31579,37937,AL
88,4739,1581,6391,AL
89,12108,20596,33218,AL
90,5271,12967,18504,AL
91,31746,47701,81708,AL
92,4486,24208,29243,AL
93,2366,6031,8492,AL
94,4329,1737,6095,AL
95,871,9225,10255,AL
96,1939,3825,6167,AR
97,2408,5338,8027,AR
98,4163,14655,19572,AR
99,27894,60751,94262,AR
100,2925,12225,15912,AR
101,1317,2163,3617,AR
102,636,1554,2250,AR
103,3334,6773,10656,AR
104,2350,1716,4149,AR
105,3606,4398,8365,AR
106,1999,3779,5978,AR
107,2101,9454,11968,AR
108,723,2460,3299,AR
109,3140,5456,8837,AR
110,2655,4844,7837,AR
111,10474,22798,34968,AR
112,4476,16655,22155,AR
113,8368,6953,15798,AR
114,1995,4577,6831,AR
115,1165,1507,2741,AR
116,2227,1915,4226,AR
117,2364,3967,6552,AR
118,14525,29170,46364,AR
119,1376,5034,6698,AR
120,1067,3470,4744,AR
121,12283,26053,40337,AR
122,1407,5160,6855,AR
123,3056,10698,14422,AR
124,2371,4391,6984,AR
125,3137,8153,11815,AR
126,1350,3155,4634,AR
127,2878,9925,13443,AR
128,1111,4042,5396,AR
129,1583,3262,5093,AR
130,15721,9231,25683,AR
131,2421,6072,8997,AR
132,1028,1750,2835,AR
133,1263,4064,5629,AR
134,1735,1229,3004,AR
135,1252,2455,3814,AR
136,1397,3604,5192,AR
137,1712,5737,7839,AR
138,5638,19902,26766,AR
139,1587,4917,6782,AR
140,1377,5077,6718,AR
141,4273,11293,16015,AR
142,5621,6988,12995,AR
143,1298,1400,2766,AR
144,735,2573,3445,AR
145,1156,2001,3233,AR
146,699,2875,3731,AR
147,4320,5347,9881,AR
148,1035,2979,4213,AR
149,4292,2443,6894,AR
150,684,3150,3956,AR
151,1878,3149,5283,AR
152,1210,6606,8121,AR
153,4818,15694,21545,AR
154,812,2503,3404,AR
155,89377,61182,157728,AR
156,1425,4508,6313,AR
157,13247,35852,51971,AR
158,507,2378,3017,AR
159,601,2955,3698,AR
160,12184,28769,43557,AR
161,1075,3281,4517,AR
162,1472,5405,7190,AR
163,4031,3195,7412,AR
164,1189,4081,5527,AR
165,5667,10201,16338,AR
166,1547,5382,7111,AR
167,32296,40418,78153,AR
168,5157,21038,27451,AR
169,1117,1344,2550,AR
170,1472,4600,6389,AR
171,12196,5315,18659,AZ
172,15291,25036,43147,AZ
173,25308,16573,44929,AZ
174,6746,13672,21398,AZ
175,3301,8025,11939,AZ
176,1092,1892,3243,AZ
177,1318,3381,4931,AZ
178,549040,590465,1201934,AZ
179,16485,54656,74189,AZ
180,15362,18165,35409,AZ
181,195649,147019,360762,AZ
182,35737,53857,93805,AZ
183,10684,3650,14926,AZ
184,29705,58862,92780,AZ
185,18336,20586,40759,AZ
186,486351,91189,613195,CA
187,318,211,575,CA
188,5904,10239,17186,CA
189,38676,42193,87847,CA
190,7738,13072,22334,CA
191,2518,3464,6346,CA
192,286658,105819,415972,CA
193,3485,5134,9361,CA
194,35243,47633,89228,CA
195,123660,113949,250264,CA
196,3065,5788,9379,CA
197,19596,10883,33636,CA
198,23887,9318,34807,CA
199,3155,4248,7996,CA
200,86481,119164,217725,CA
201,12902,17446,32250,CA
202,6240,5752,13045,CA
203,2224,7574,10422,CA
204,1893770,620285,2652072,CA
205,13283,19221,34263,CA
206,69518,14214,88115,CA
207,3122,5185,8877,CA
208,6905,3571,11435,CA
209,21856,18486,42523,CA
210,798,2413,3359,CA
211,2696,2080,5154,CA
212,64733,26378,96676,CA
213,26161,11946,40393,CA
214,16199,14686,33258,CA
215,556544,472669,1092116,CA
216,61969,78977,150532,CA
217,3224,5079,8830,CA
218,300686,279072,609869,CA
219,273768,163024,467526,CA
220,8309,5530,14688,CA
221,304407,249103,585169,CA
222,567243,386807,1011651,CA
223,312443,34493,365295,CA
224,71349,56194,134076,CA
225,61021,50755,120296,CA
226,192035,47627,251646,CA
227,100120,53740,164224,CA
228,483472,137452,659148,CA
229,85185,20158,113509,CA
230,20471,47587,72554,CA
231,601,1048,1804,CA
232,7106,11212,19836,CA
233,94622,48712,152398,CA
234,116027,37421,164060,CA
235,73939,72960,156141,CA
236,11831,16780,30429,CA
237,6571,14981,22875,CA
238,1876,2409,4716,CA
239,27975,38062,69408,CA
240,8580,13486,23472,CA
241,170489,118764,307881,CA
242,34460,13178,50623,CA
243,7234,12313,21058,CA
244,86471,73807,175125,CO
245,3168,3031,6897,CO
246,148365,109638,281658,CO
247,2489,4234,7290,CO
248,278,1716,2107,CO
249,581,1166,1892,CO
250,124715,38766,176735,CO
251,19530,14272,37342,CO
252,4773,5283,10999,CO
253,127,905,1076,CO
254,2585,2426,5532,CO
255,1753,1885,3970,CO
256,1109,581,1820,CO
257,336,1069,1511,CO
258,797,2059,3064,CO
259,4048,11584,16661,CO
260,174611,43637,232291,CO
261,227,936,1230,CO
262,67045,100178,182918,CO
263,12652,8153,22611,CO
264,3056,11536,15689,CO
265,105807,176506,313273,CO
266,5275,15066,21880,CO
267,11205,13071,26328,CO
268,1634,1564,3574,CO
269,3319,4467,8513,CO
270,5068,3250,9299,CO
271,197,339,589,CO
272,1631,1875,3772,CO
273,171,628,862,CO
274,151885,130233,309529,CO
275,91,726,853,CO
276,526,2894,3613,CO
277,1600,1264,3175,CO
278,15300,12471,30722,CO
279,92170,82624,193897,CO
280,2614,3656,6693,CO
281,399,1873,2402,CO
282,1843,7272,9702,CO
283,20958,48129,74876,CO
284,237,344,652,CO
285,874,5293,6510,CO
286,3920,7771,12706,CO
287,5438,14303,21070,CO
288,3128,8104,11888,CO
289,1719,2988,5038,CO
290,1690,1337,3287,CO
291,3351,6053,10245,CO
292,436,1791,2332,CO
293,7239,2522,10387,CO
294,1173,3508,4978,CO
295,27945,27746,60112,CO
296,433,2782,3436,CO
297,1985,3060,5488,CO
298,7487,5149,13772,CO
299,1345,1109,2707,CO
300,265,215,506,CO
301,2960,1030,4311,CO
302,267,1015,1364,CO
303,9502,5064,16061,CO
304,3547,9580,14203,CO
305,289,2284,2708,CO
306,45869,75882,133790,CO
307,701,3755,4664,CO
308,238723,155457,410279,CT
309,233789,147912,399219,CT
310,39836,53376,97434,CT
311,45306,38847,88402,CT
312,203601,158373,375909,CT
313,62951,54574,124527,CT
314,38450,33989,77069,CT
315,21776,25738,50703,CT
316,260223,11553,280272,DC
317,33347,36989,74253,DE
318,162905,85507,261468,DE
319,39329,62607,105814,DE
320,75370,46584,127827,FL
321,2112,10294,12634,FL
322,21689,62010,87151,FL
323,2924,8913,12098,FL
324,119525,181620,314337,FL
325,546956,258521,822837,FL
326,1236,4647,6067,FL
327,33421,60196,96323,FL
328,22765,54377,79590,FL
329,27768,74898,106363,FL
330,60941,105297,170505,FL
331,7599,20359,28696,FL
332,3761,6744,10761,FL
333,1270,5822,7202,FL
334,203627,210061,428734,FL
335,57114,88370,151609,FL
336,21985,33804,57413,FL
337,1738,4119,6003,FL
338,14994,6721,22079,FL
339,1457,6740,8418,FL
340,1271,2996,4355,FL
341,1715,5320,7279,FL
342,1899,3439,5451,FL
343,2147,5238,7577,FL
344,4610,6192,11106,FL
345,31818,59029,93878,FL
346,14901,29509,45589,FL
347,306422,265928,595072,FL
348,852,7476,8506,FL
349,28997,48564,79897,FL
350,6383,14231,20997,FL
351,3537,3930,7641,FL
352,515,2795,3375,FL
353,62597,101888,169898,FL
354,124725,191141,325797,FL
355,91936,53777,151925,FL
356,5091,13758,19367,FL
357,651,2542,3295,FL
358,3526,4849,8503,FL
359,71066,101681,178521,FL
360,61958,107710,174485,FL
361,30158,53182,85741,FL
362,623006,333666,978670,FL
363,18949,21885,42434,FL
364,10849,34221,46537,FL
365,23711,71788,100657,FL
366,3953,9342,13632,FL
367,329579,195091,545800,FL
368,85287,50252,139981,FL
369,371411,270762,657235,FL
370,89998,141943,240814,FL
371,233327,238746,491520,FL
372,117182,157216,283828,FL
373,9920,21873,32652,FL
374,18398,65126,87432,FL
375,97676,124098,228509,FL
376,105611,109265,224377,FL
377,43037,88633,136392,FL
378,66812,70248,140731,FL
379,22631,52722,76649,FL
380,3955,14281,18675,FL
381,2149,6923,9279,FL
382,1014,4567,5693,FL
383,108793,142763,260304,FL
384,4348,10507,15344,FL
385,6861,25695,33559,FL
386,2261,8630,11144,FL
387,1434,5492,7003,GA
388,696,1873,2604,GA
389,607,3356,4010,GA
390,650,775,1440,GA
391,7965,7691,16075,GA
392,684,6130,6946,GA
393,6580,21105,28828,GA
394,8204,29879,39263,GA
395,2098,3734,5923,GA
396,1041,5408,6563,GA
397,34383,22589,58327,GA
398,1094,3717,4934,GA
399,619,5561,6285,GA
400,2504,3679,6268,GA
401,4010,10513,15063,GA
402,8812,14476,24151,GA
403,4730,4491,9350,GA
404,2566,6717,9477,GA
405,1178,829,2023,GA
406,5914,12287,18825,GA
407,1023,2661,3757,GA
408,12422,29983,43744,GA
409,4769,20860,26510,GA
410,1004,2950,4008,GA
411,58998,43649,106013,GA
412,593,746,1384,GA
413,1612,6457,8246,GA
414,25203,80611,110825,GA
415,29514,12691,44221,GA
416,697,566,1271,GA
417,75908,11740,89236,GA
418,685,1724,2443,GA
419,159416,152602,326424,GA
420,4090,9575,13896,GA
421,3460,9892,13592,GA
422,18863,43060,64190,GA
423,1752,4175,6038,GA
424,16572,42513,61315,GA
425,1419,3632,5157,GA
426,2835,4539,7500,GA
427,965,5047,6238,GA
428,1444,9880,11680,GA
429,4104,6009,10238,GA
430,239131,47531,295871,GA
431,1836,5021,6995,GA
432,1860,1941,3836,GA
433,23224,10227,33925,GA
434,30971,24803,57365,GA
435,2165,2552,4782,GA
436,156,1006,1175,GA
437,4851,17865,23395,GA
438,2507,5269,7912,GA
439,2433,5330,7838,GA
440,1130,2404,3602,GA
441,1920,9622,11764,GA
442,23255,35034,60387,GA
443,9127,24045,34250,GA
444,23427,69801,97314,GA
445,1243,7054,8474,GA
446,281875,110372,407173,GA
447,1955,10465,12713,GA
448,138,1235,1390,GA
449,11738,21482,34041,GA
450,3176,15171,18850,GA
451,3005,6047,9187,GA
452,3194,5488,8831,GA
453,165063,146463,323931,GA
454,2483,13184,16128,GA
455,16153,51681,70133,GA
456,2695,841,3572,GA
457,1474,9579,11317,GA
458,4082,11931,16392,GA
459,2583,7285,10077,GA
460,743,3370,4206,GA
461,49902,45641,98037,GA
462,22460,35351,59559,GA
463,890,2711,3659,GA
464,4469,21754,27057,GA
465,1544,4353,6016,GA
466,901,4102,5089,GA
467,3809,3057,6934,GA
468,1108,1892,3034,GA
469,1136,2519,3682,GA
470,3960,8304,12524,GA
471,2267,5183,7575,GA
472,805,1984,2861,GA
473,6737,12401,19448,GA
474,3166,10641,14106,GA
475,9531,6125,16082,GA
476,1271,2759,4100,GA
477,1356,2623,4109,GA
478,14614,21308,36813,GA
479,2216,9613,12324,GA
480,2705,1540,4287,GA
481,2423,9195,11945,GA
482,1213,1921,3183,GA
483,3699,5432,9268,GA
484,2298,3482,5893,GA
485,3800,5216,9181,GA
486,622,1888,2540,GA
487,3492,4272,7857,GA
488,3570,8821,12675,GA
489,847,2668,3560,GA
490,2658,6559,9435,GA
491,1799,10340,12422,GA
492,39602,26901,68320,GA
493,21936,20907,43787,GA
494,5253,12885,19030,GA
495,1829,4622,6650,GA
496,18004,44646,64601,GA
497,5083,5405,10699,GA
498,1977,11651,13982,GA
499,903,6301,7297,GA
500,1239,7273,8675,GA
501,2863,11006,14158,GA
502,1104,2436,3598,GA
503,2745,6516,9431,GA
504,461,575,1044,GA
505,1443,6287,7949,GA
506,1597,1270,2895,GA
507,48707,24441,74952,GA
508,23206,13463,37589,GA
509,401,1472,1909,GA
510,2300,3305,5699,GA
511,1186,2343,3577,GA
512,9347,15636,25940,GA
513,1835,7682,9760,GA
514,1220,805,2053,GA
515,5520,5275,10973,GA
516,2001,1196,3243,GA
517,545,349,897,GA
518,1678,5092,6879,GA
519,1295,2062,3402,GA
520,1313,2449,3794,GA
521,2267,1872,4179,GA
522,7138,11225,18730,GA
523,3892,8680,12796,GA
524,2338,6612,9108,GA
525,1206,5377,6726,GA
526,860,1808,2700,GA
527,9597,15643,25793,GA
528,1243,2094,3390,GA
529,1970,2034,4053,GA
530,1962,9849,12039,GA
531,3471,7288,10924,GA
532,4213,18938,23939,GA
533,8279,31093,40425,GA
534,3436,8508,12150,GA
535,1313,991,2332,GA
536,4187,4138,8422,GA
537,2039,8147,10376,GA
538,471,630,1114,GA
539,646,1421,2102,GA
540,1672,9751,11771,GA
541,7925,21514,30362,GA
542,852,2096,2973,GA
543,1844,2569,4470,GA
544,1893,2332,4276,GA
545,2015,6144,8266,GA
546,41258,17500,64865,HI
547,175634,90296,285683,HI
548,16456,7574,26335,HI
549,33479,13445,51942,HI
550,1127,2456,3759,IA
551,565,1393,2082,IA
552,2409,4072,6837,IA
553,1813,4031,6096,IA
554,1079,2135,3379,IA
555,4672,8226,13690,IA
556,32006,27382,63221,IA
557,5517,7458,13984,IA
558,5349,7199,13350,IA
559,3966,5504,10137,IA
560,2851,4895,8179,IA
561,2163,4918,7457,IA
562,1396,3466,5105,IA
563,3305,6627,10435,IA
564,1946,4755,7055,IA
565,3578,5275,9386,IA
566,9840,11583,22633,IA
567,1676,4188,6186,IA
568,2264,3739,6367,IA
569,1463,2706,4405,IA
570,2246,5870,8542,IA
571,3236,5309,9098,IA
572,10079,11249,22748,IA
573,1985,4608,6862,IA
574,15662,19288,37617,IA
575,976,2721,3858,IA
576,1201,2296,3703,IA
577,2956,5688,9165,IA
578,8178,9479,18713,IA
579,3051,6743,10247,IA
580,22774,23384,49037,IA
581,1356,3121,4707,IA
582,3666,5591,9813,IA
583,3177,4371,7985,IA
584,1490,3153,4915,IA
585,959,2401,3554,IA
586,1688,2819,4762,IA
587,1847,4516,6766,IA
588,1720,3603,5654,IA
589,2715,4450,7589,IA
590,1582,3972,5815,IA
591,2774,5231,8423,IA
592,2123,4892,7378,IA
593,2897,5764,9286,IA
594,1674,2611,4507,IA
595,1251,3564,5033,IA
596,792,2655,3590,IA
597,3070,5193,8789,IA
598,3837,5821,10204,IA
599,7108,10556,18776,IA
600,3702,3738,8001,IA
601,49942,20993,75637,IA
602,3779,5718,10011,IA
603,1265,3385,4858,IA
604,2529,5637,8505,IA
605,6195,8762,15893,IA
606,58481,48183,114664,IA
607,1643,3060,4943,IA
608,1236,2873,4297,IA
609,917,5188,6336,IA
610,2666,5336,8523,IA
611,2606,7404,10494,IA
612,5469,10940,17554,IA
613,7623,9125,17700,IA
614,2080,5050,7608,IA
615,1879,3180,5360,IA
616,1244,3115,4525,IA
617,1053,2635,3844,IA
618,1312,3431,4998,IA
619,8284,9549,19086,IA
620,1314,5735,7348,IA
621,552,2528,3197,IA
622,1801,4875,6968,IA
623,1395,3079,4674,IA
624,2878,9659,13057,IA
625,962,2692,3831,IA
626,119671,93421,228420,IA
627,15341,24441,42226,IA
628,4272,4936,9693,IA
629,753,1820,2684,IA
630,1269,3692,5158,IA
631,40302,39083,84878,IA
632,1649,4340,6270,IA
633,2289,14761,17989,IA
634,25085,19111,48910,IA
635,3194,4968,8636,IA
636,755,2108,3003,IA
637,1920,3521,5768,IA
638,843,2524,3526,IA
639,5591,8710,14996,IA
640,10371,14773,26916,IA
641,3938,6170,10824,IA
642,719,2069,2921,IA
643,6293,10049,17239,IA
644,1920,3437,5717,IA
645,5238,5332,11217,IA
646,16102,24627,42933,IA
647,1523,2443,4216,IA
648,1890,3790,5949,IA
649,75676,93748,195587,ID
650,415,1556,2183,ID
651,10342,17180,33405,ID
652,255,2203,2928,ID
653,780,3101,4192,ID
654,2924,10907,16625,ID
655,6416,3340,10723,ID
656,777,2673,3812,ID
657,5140,10220,16815,ID
658,8930,26699,44212,ID
659,933,3789,5150,ID
660,160,914,1230,ID
661,110,410,599,ID
662,16683,46755,72007,ID
663,271,2275,3035,ID
664,1036,5949,8178,ID
665,44,203,283,ID
666,704,2852,3801,ID
667,427,1777,2413,ID
668,1814,5816,8519,ID
669,385,3901,5499,ID
670,651,4091,5714,ID
671,1229,5980,7952,ID
672,930,3743,5191,ID
673,1196,6441,8223,ID
674,976,8436,11471,ID
675,2117,7347,10667,ID
676,16264,44449,66286,ID
677,8093,7255,18146,ID
678,733,3011,4068,ID
679,270,1202,1590,ID
680,360,1184,1748,ID
681,1201,8941,15687,ID
682,1167,4887,6870,ID
683,4828,10699,17195,ID
684,184,1531,2068,ID
685,591,3052,3920,ID
686,892,4306,5703,ID
687,699,1666,2758,ID
688,1384,3297,5120,ID
689,2157,2161,4966,ID
690,6844,21063,31893,ID
691,1913,2906,5349,ID
692,776,3283,4454,ID
693,7633,22732,31770,IL
694,1262,1496,2820,IL
695,2066,4884,7462,IL
696,8952,12261,22604,IL
697,475,1776,2336,IL
698,6010,9264,16303,IL
699,739,1719,2556,IL
700,2437,4428,7354,IL
701,1617,3216,5054,IL
702,49694,33235,89196,IL
703,3982,10522,15310,IL
704,1873,5620,7819,IL
705,1014,5009,6278,IL
706,3939,12394,17268,IL
707,7285,12985,21580,IL
708,1528582,440213,2055215,IL
709,1969,6146,8507,IL
710,1028,4200,5513,IL
711,20348,19051,42605,IL
712,1907,5072,7469,IL
713,1946,5695,8089,IL
714,222499,164355,412929,IL
715,1778,5634,7783,IL
716,432,2777,3312,IL
717,3071,13613,17428,IL
718,1814,7363,9515,IL
719,1410,4474,6289,IL
720,4711,13101,18533,IL
721,6118,8482,15609,IL
722,656,1942,2691,IL
723,1202,4139,5542,IL
724,8021,13417,22891,IL
725,800,3205,4143,IL
726,1744,5713,7818,IL
727,419,1650,2133,IL
728,1151,2153,3480,IL
729,8835,13962,24232,IL
730,2496,9728,12923,IL
731,11619,10889,24509,IL
732,924,3973,5104,IL
733,4408,11681,16818,IL
734,2673,7737,10909,IL
735,4452,6113,11177,IL
736,1135,4644,6017,IL
737,99389,82087,193500,IL
738,18908,25081,46556,IL
739,23392,24152,50815,IL
740,9939,10658,21964,IL
741,168186,108608,293574,IL
742,19277,26269,48447,IL
743,1288,4517,6039,IL
744,5499,8597,15215,IL
745,4005,10197,15096,IL
746,3301,8167,12130,IL
747,18211,26782,47283,IL
748,6532,14194,21881,IL
749,50336,70295,127902,IL
750,4231,11677,16600,IL
751,1784,3776,5903,IL
752,2008,4051,6433,IL
753,1555,4844,6633,IL
754,5278,6789,12910,IL
755,59827,71117,140145,IL
756,35918,37081,78995,IL
757,1808,4230,6423,IL
758,3061,4800,8417,IL
759,5522,12614,19074,IL
760,3490,8616,12829,IL
761,4693,9060,14607,IL
762,1476,4453,6209,IL
763,8025,14344,23798,IL
764,37436,35299,77465,IL
765,2433,6816,9706,IL
766,2633,5623,8899,IL
767,1412,5749,7458,IL
768,374,1678,2132,IL
769,817,1583,2473,IL
770,1143,1762,3076,IL
771,3421,9992,14032,IL
772,1579,5736,7630,IL
773,32258,26969,62971,IL
774,2551,8248,11234,IL
775,40731,49823,96472,IL
776,1074,2523,3792,IL
777,528,1965,2583,IL
778,2279,8209,10912,IL
779,60180,53479,119201,IL
780,748,1777,2707,IL
781,7531,10845,19525,IL
782,20568,38620,63347,IL
783,2389,5780,8514,IL
784,9876,18582,29799,IL
785,1146,4039,5402,IL
786,2983,4267,7700,IL
787,1446,5566,7376,IL
788,1048,6963,8256,IL
789,1412,5639,7289,IL
790,11005,12597,25210,IL
791,146230,129726,291010,IL
792,8539,21503,31422,IL
793,52595,53922,113027,IL
794,5068,13180,19389,IL
795,2802,9642,13039,IN
796,55222,83801,145787,IN
797,9841,20637,32389,IN
798,860,2579,3654,IN
799,1243,3349,4822,IN
800,10181,19654,32061,IN
801,2518,5015,7908,IN
802,1891,6273,8609,IN
803,3758,9697,14135,IN
804,18791,30012,51104,IN
805,2306,8528,11259,IN
806,2819,8530,11896,IN
807,1323,3013,4591,IN
808,1800,8545,10736,IN
809,4883,18110,23910,IN
810,2121,8488,11095,IN
811,3941,12054,16816,IN
812,18100,24217,44699,IN
813,5389,13365,19917,IN
814,20667,41810,65187,IN
815,2252,6839,9530,IN
816,13939,21427,37225,IN
817,1476,5661,7474,IN
818,1967,8665,10990,IN
819,1960,6010,8374,IN
820,3720,11079,15472,IN
821,7029,17009,25239,IN
822,2929,10275,13763,IN
823,57214,87299,153630,IN
824,8901,25050,36027,IN
825,4776,12993,18528,IN
826,22595,48326,75258,IN
827,5124,13895,20075,IN
828,11215,23675,36754,IN
829,3506,11649,15974,IN
830,3843,12857,17532,IN
831,3329,9382,13331,IN
832,1889,5697,7962,IN
833,4325,8538,13461,IN
834,2364,8222,11115,IN
835,17318,45456,66229,IN
836,3772,11077,15483,IN
837,6311,23909,31907,IN
838,2080,7025,9552,IN
839,116896,75565,200247,IN
840,19795,22678,44994,IN
841,4210,14034,19076,IN
842,18595,32376,53660,IN
843,212676,130228,361070,IN
844,4798,12286,18008,IN
845,881,3695,4807,IN
846,2766,9975,13440,IN
847,34183,20527,57623,IN
848,3362,11051,15101,IN
849,6037,23671,31180,IN
850,1403,4074,5791,IN
851,3904,12198,16890,IN
852,686,2118,2917,IN
853,2048,5800,8189,IN
854,1946,6151,8520,IN
855,1441,4863,6576,IN
856,3062,4556,8025,IN
857,1297,4398,5977,IN
858,33531,38719,76492,IN
859,3515,8393,12448,IN
860,1327,3854,5437,IN
861,3356,10637,14680,IN
862,2446,7515,10456,IN
863,2471,9806,12790,IN
864,1525,5292,7214,IN
865,2642,6074,9060,IN
866,4247,12718,17935,IN
867,2861,6572,9959,IN
868,52247,52019,109452,IN
869,2489,6367,9226,IN
870,3741,10127,14530,IN
871,2113,6138,8559,IN
872,930,2558,3639,IN
873,27207,30711,61916,IN
874,1587,5589,7510,IN
875,715,2445,3286,IN
876,28296,40422,71957,IN
877,2081,4511,6913,IN
878,15922,21924,39569,IN
879,3018,9819,13415,IN
880,839,2896,3919,IN
881,9086,19133,29609,IN
882,2636,8206,11333,IN
883,8322,16028,25575,IN
884,2585,9999,13123,IN
885,2563,6813,9902,IN
886,3379,11357,15535,IN
887,1398,3575,5314,KS
888,665,2386,3277,KS
889,1946,3977,6393,KS
890,281,1822,2209,KS
891,1823,7766,10088,KS
892,1306,4314,5918,KS
893,850,2861,3960,KS
894,6489,18781,27051,KS
895,313,964,1342,KS
896,236,1552,1845,KS
897,1959,6017,8386,KS
898,188,1172,1409,KS
899,118,813,983,KS
900,665,2831,3727,KS
901,744,2856,3831,KS
902,719,2990,3962,KS
903,102,705,857,KS
904,3436,8016,12171,KS
905,5064,8394,14404,KS
906,178,1220,1460,KS
907,1582,5905,8008,KS
908,584,2601,3366,KS
909,30089,14308,48231,KS
910,208,1033,1308,KS
911,160,1048,1259,KS
912,2669,8311,11660,KS
913,515,1933,2626,KS
914,3006,6155,9731,KS
915,2032,4994,7425,KS
916,2829,7025,10658,KS
917,2569,4116,7129,KS
918,149,1127,1328,KS
919,185,1013,1265,KS
920,427,1755,2311,KS
921,257,1651,2011,KS
922,83,523,639,KS
923,484,2146,2811,KS
924,114,690,847,KS
925,388,1950,2513,KS
926,5006,8503,14540,KS
927,228,1011,1300,KS
928,124,845,1006,KS
929,1489,3888,5727,KS
930,2483,5112,8151,KS
931,180,1204,1483,KS
932,126324,133907,279753,KS
933,224,1048,1325,KS
934,594,2507,3281,KS
935,111,855,1023,KS
936,2234,5232,7919,KS
937,104,684,831,KS
938,10064,17387,29676,KS
939,214,1168,1448,KS
940,721,3377,4279,KS
941,149,1124,1348,KS
942,4456,6354,11745,KS
943,1177,3928,5465,KS
944,1060,3250,4578,KS
945,3183,8407,12443,KS
946,206,1390,1675,KS
947,3949,9839,14712,KS
948,469,2216,2824,KS
949,2557,8466,11623,KS
950,586,1790,2568,KS
951,145,970,1160,KS
952,714,4066,5025,KS
953,1464,4340,6151,KS
954,160,1216,1435,KS
955,277,1808,2190,KS
956,1730,4713,6894,KS
957,231,1437,1753,KS
958,424,2261,2866,KS
959,567,1872,2602,KS
960,296,2200,2611,KS
961,2191,7451,10359,KS
962,769,2824,3806,KS
963,160,1209,1448,KS
964,6670,15100,23448,KS
965,370,1993,2484,KS
966,668,2652,3567,KS
967,8892,9817,20475,KS
968,273,1999,2378,KS
969,227,1177,1474,KS
970,454,2544,3148,KS
971,6084,13367,21206,KS
972,232,1832,2159,KS
973,66716,101319,180750,KS
974,1491,3025,4743,KS
975,33270,35349,73648,KS
976,126,1186,1362,KS
977,340,2043,2537,KS
978,295,1635,2014,KS
979,303,1485,1884,KS
980,132,580,742,KS
981,215,1564,1853,KS
982,2039,6844,9494,KS
983,467,2832,3483,KS
984,193,1211,1459,KS
985,773,2358,3340,KS
986,45,711,779,KS
987,378,2136,2677,KS
988,139,765,934,KS
989,550,2747,3482,KS
990,270,1063,1420,KS
991,29346,15520,47467,KS
992,1323,6637,8228,KY
993,1349,6466,8085,KY
994,2634,8242,11414,KY
995,816,3161,4097,KY
996,4275,13483,18473,KY
997,1361,3082,4577,KY
998,1720,7764,9714,KY
999,15026,39082,57550,KY
1000,2791,5569,8791,KY
1001,6021,13591,20443,KY
1002,4281,8040,12928,KY
1003,705,2711,3522,KY
1004,1537,3991,5728,KY
1005,1960,6484,8765,KY
1006,8255,26210,36036,KY
1007,947,4428,5575,KY
1008,1260,4507,5972,KY
1009,4749,10367,16039,KY
1010,14658,25050,42471,KY
1011,432,2094,2599,KY
1012,1106,2588,3851,KY
1013,2276,7587,10267,KY
1014,767,5482,6438,KY
1015,7188,14108,22069,KY
1016,4706,10710,16193,KY
1017,752,5861,6762,KY
1018,547,3809,4454,KY
1019,617,3290,4036,KY
1020,459,2502,3061,KY
1021,14163,28907,45752,KY
1022,979,4135,5239,KY
1023,740,2000,2847,KY
1024,1108,4236,5538,KY
1025,69776,56890,136112,KY
1026,1348,4722,6250,KY
1027,4015,11993,16521,KY
1028,10717,11819,23840,KY
1029,774,1549,2381,KY
1030,749,2443,3334,KY
1031,1453,5904,7613,KY
1032,1910,7268,9551,KY
1033,3308,12671,16582,KY
1034,1959,8219,10564,KY
1035,832,4372,5331,KY
1036,4146,11546,16265,KY
1037,1244,2788,4292,KY
1038,13944,26970,43113,KY
1039,1372,9129,10744,KY
1040,2031,5435,7774,KY
1041,1730,5320,7261,KY
1042,6707,12159,19692,KY
1043,1828,4944,7142,KY
1044,449,1657,2157,KY
1045,4310,15277,20325,KY
1046,482,4889,5497,KY
1047,190824,143758,352778,KY
1048,6144,15474,23292,KY
1049,1250,8043,9560,KY
1050,24213,42958,71905,KY
1051,1245,4357,5756,KY
1052,1761,9885,12001,KY
1053,1278,4799,6359,KY
1054,3440,20592,24811,KY
1055,1045,4816,6037,KY
1056,444,2151,2663,KY
1057,400,4015,4487,KY
1058,1542,7293,9131,KY
1059,785,4363,5293,KY
1060,1865,7338,9555,KY
1061,887,3570,4642,KY
1062,2755,7778,10896,KY
1063,1045,2789,3959,KY
1064,11793,23431,37318,KY
1065,1172,3824,5113,KY
1066,2679,5122,8108,KY
1067,3672,12322,16678,KY
1068,363,3503,3951,KY
1069,1970,4944,7212,KY
1070,9134,20774,31284,KY
1071,664,5012,5772,KY
1072,988,3381,4565,KY
1073,3026,8660,12223,KY
1074,700,2010,2779,KY
1075,2395,7740,10579,KY
1076,976,3491,4616,KY
1077,601,4278,4991,KY
1078,3158,7856,11437,KY
1079,1006,3628,4766,KY
1080,3272,9393,13046,KY
1081,6434,13430,20761,KY
1082,787,1957,2837,KY
1083,2080,7942,10398,KY
1084,10268,20469,32838,KY
1085,1062,3745,4997,KY
1086,256,1474,1757,KY
1087,1164,4604,6006,KY
1088,2136,8158,10566,KY
1089,4277,19740,24637,KY
1090,1272,3513,4952,KY
1091,4208,22900,28015,KY
1092,222,759,1013,KY
1093,915,5609,6686,KY
1094,3295,5174,8829,KY
1095,1093,6863,8171,KY
1096,7713,15052,24159,KY
1097,6276,13196,20563,KY
1098,2144,5077,7524,KY
1099,1921,7196,9509,KY
1100,2553,8320,11301,KY
1101,1042,3612,4771,KY
1102,1587,4928,6740,KY
1103,879,2771,3786,KY
1104,1331,4701,6209,KY
1105,16966,28673,48416,KY
1106,1420,4013,5621,KY
1107,1431,6370,7988,KY
1108,1240,4397,5804,KY
1109,2067,11312,13765,KY
1110,753,1804,2634,KY
1111,4958,7697,13547,KY
1112,5638,21159,27386,LA
1113,2106,6867,9245,LA
1114,16471,36135,54663,LA
1115,3931,6714,10904,LA
1116,5032,11163,16581,LA
1117,2393,12238,15078,LA
1118,3129,3756,7005,LA
1119,12638,35451,49818,LA
1120,53448,48977,105737,LA
1121,26293,54182,83773,LA
1122,788,3822,4692,LA
1123,323,3256,3692,LA
1124,1322,3479,4856,LA
1125,2717,3585,6421,LA
1126,3272,5474,8869,LA
1127,5163,8067,13497,LA
1128,102711,84620,196332,LA
1129,1838,1059,2939,LA
1130,4235,5569,10042,LA
1131,4208,10357,14879,LA
1132,2506,6514,9162,LA
1133,1181,7406,8819,LA
1134,10698,20903,32454,LA
1135,8324,7320,16043,LA
1136,2139,5169,7464,LA
1137,73540,100292,181388,LA
1138,3080,10775,14277,LA
1139,32726,68191,105599,LA
1140,8423,31958,41644,LA
1141,605,5835,6568,LA
1142,7102,10761,18664,LA
1143,6950,48797,57700,LA
1144,2744,1927,4732,LA
1145,5155,6502,11852,LA
1146,7143,8965,16617,LA
1147,133833,24267,165619,LA
1148,24420,41712,67987,LA
1149,3347,6900,10572,LA
1150,4764,6789,11761,LA
1151,18318,36814,56838,LA
1152,1938,2391,4422,LA
1153,3157,6286,9596,LA
1154,1703,7877,9785,LA
1155,4957,10232,15807,LA
1156,8558,16620,26190,LA
1157,3353,2497,5964,LA
1158,6418,5456,12085,LA
1159,12658,7569,20740,LA
1160,17208,21966,39970,LA
1161,8266,16872,25749,LA
1162,8050,14353,22871,LA
1163,27716,90914,124389,LA
1164,16869,33933,52381,LA
1165,1329,1180,2543,LA
1166,10664,31900,43893,LA
1167,2691,7972,10894,LA
1168,4745,19807,25253,LA
1169,2665,13471,16633,LA
1170,5690,12552,18622,LA
1171,6259,11538,18140,LA
1172,5382,6926,12710,LA
1173,715,3970,4759,LA
1174,2247,3390,5798,LA
1175,1643,4605,6368,LA
1176,71632,53842,132667,MA
1177,43540,16799,64507,MA
1178,127619,104775,246068,MA
1179,8338,2474,11434,MA
1180,220027,135405,376140,MA
1181,24369,10327,37987,MA
1182,110313,78230,200220,MA
1183,54572,22089,82329,MA
1184,508919,216163,767337,MA
1185,4144,1892,6404,MA
1186,219129,119171,357781,MA
1187,133828,114722,264168,MA
1188,241212,50042,303517,MA
1189,197126,157138,380972,MA
1190,6665,20025,27804,MD
1191,116074,114509,242939,MD
1192,189437,131009,335017,MD
1193,178562,22726,208980,MD
1194,16669,24680,43445,MD
1195,3747,8999,13282,MD
1196,24314,55593,84879,MD
1197,12651,27579,42309,MD
1198,46063,24163,72480,MD
1199,5695,7938,14034,MD
1200,51891,56472,114962,MD
1201,2252,10189,12905,MD
1202,43803,74261,124224,MD
1203,93808,44792,146401,MD
1204,4178,4598,9166,MD
1205,309761,82985,408300,MD
1206,313627,29290,351091,MD
1207,7316,16211,24633,MD
1208,3484,5056,8768,MD
1209,15786,26889,45169,MD
1210,7865,10098,18731,MD
1211,19193,38842,60731,MD
1212,16327,20832,38722,MD
1213,8783,15910,25571,MD
1214,22975,28189,55340,ME
1215,13377,19419,34963,ME
1216,102935,57697,171249,ME
1217,7001,7900,16382,ME
1218,16107,13682,31983,ME
1219,29296,31753,65999,ME
1220,12440,9148,23021,ME
1221,10241,9727,21432,ME
1222,12172,16214,31094,ME
1223,32832,41601,80228,ME
1224,3098,5403,9144,ME
1225,10679,9304,21596,ME
1226,9092,14998,25968,ME
1227,10442,10378,22630,ME
1228,6358,9037,16559,ME
1229,55828,50388,113962,ME
1230,1732,4201,6179,MI
1231,1663,2585,4513,MI
1232,17932,33812,55153,MI
1233,4877,9090,14688,MI
1234,4448,8469,13572,MI
1235,2238,4704,7457,MI
1236,1156,2158,3486,MI
1237,9109,19197,30265,MI
1238,21641,28327,52932,MI
1239,4108,5539,10221,MI
1240,29496,38646,71882,MI
1241,4740,11025,16490,MI
1242,24154,31489,58786,MI
1243,7270,14241,23272,MI
1244,5137,8674,14567,MI
1245,4302,8680,13647,MI
1246,5378,9120,15434,MI
1247,4250,8507,13385,MI
1248,16490,21635,40564,MI
1249,2110,4354,6833,MI
1250,6431,11112,18467,MI
1251,3923,8580,13140,MI
1252,24534,27608,55686,MI
1253,6972,10616,18774,MI
1254,102744,84174,196135,MI
1255,3794,8124,12472,MI
1256,2925,4019,7313,MI
1257,20964,27412,51460,MI
1258,5665,9878,16442,MI
1259,4799,14094,19880,MI
1260,6018,8475,15623,MI
1261,4579,10629,15848,MI
1262,81266,44354,133478,MI
1263,8206,16374,26364,MI
1264,4344,8344,13349,MI
1265,2004,3675,5910,MI
1266,11404,12338,25344,MI
1267,25795,39793,69567,MI
1268,67142,51031,125966,MI
1269,2279,6213,8920,MI
1270,138567,147959,306270,MI
1271,527,814,1429,MI
1272,1939,3159,5328,MI
1273,12734,30037,45126,MI
1274,6774,7239,14757,MI
1275,16750,26428,45895,MI
1276,34378,65665,105577,MI
1277,681,1756,2576,MI
1278,2085,3740,6088,MI
1279,176238,224589,418773,MI
1280,4979,6915,12598,MI
1281,16042,14646,32897,MI
1282,5281,8505,14658,MI
1283,5827,10305,17149,MI
1284,3539,6704,10765,MI
1285,15655,23877,42379,MI
1286,1565,5386,7301,MI
1287,26859,43255,74101,MI
1288,7874,16907,26556,MI
1289,1286,3498,5008,MI
1290,36640,35962,77114,MI
1291,6212,15174,22605,MI
1292,342976,289127,663255,MI
1293,3973,7228,11903,MI
1294,3030,6827,10386,MI
1295,1175,2069,3420,MI
1296,2705,7336,10597,MI
1297,1044,2843,4062,MI
1298,3556,8266,12529,MI
1299,46276,90456,145405,MI
1300,2400,4486,7215,MI
1301,4287,8141,13036,MI
1302,44395,45469,94198,MI
1303,4873,13446,19243,MI
1304,1369,2556,4151,MI
1305,12547,19232,34044,MI
1306,24553,49067,77994,MI
1307,7529,14886,23765,MI
1308,7493,17421,26157,MI
1309,13258,17890,33213,MI
1310,128025,50335,187201,MI
1311,517842,228908,775450,MI
1312,4436,10000,15279,MI
1313,3134,5516,9185,MN
1314,75499,93341,184084,MN
1315,5208,10880,17090,MN
1316,8688,10783,21316,MN
1317,5640,12872,19911,MN
1318,921,1607,2729,MN
1319,14428,15667,33256,MN
1320,3763,8708,13663,MN
1321,8460,8160,18059,MN
1322,21508,29057,55102,MN
1323,4949,9982,15885,MN
1324,1978,3764,6182,MN
1325,9279,18441,30009,MN
1326,12974,13549,29108,MN
1327,1100,2925,4225,MN
1328,1912,1156,3360,MN
1329,1678,3679,5697,MN
1330,10982,22287,35568,MN
1331,110251,99624,228659,MN
1332,3102,6527,10564,MN
1333,6227,13966,21623,MN
1334,2153,4659,7355,MN
1335,3872,6271,10976,MN
1336,6041,8808,15929,MN
1337,9446,14041,25538,MN
1338,1104,2063,3453,MN
1339,429283,191768,672644,MN
1340,4145,5616,10515,MN
1341,3432,7269,11423,MN
1342,5656,13635,20875,MN
1343,9015,12920,23650,MN
1344,1492,3609,5453,MN
1345,2327,5230,8125,MN
1346,7266,12785,21648,MN
1347,823,1349,2363,MN
1348,2306,3569,6313,MN
1349,1301,2294,3835,MN
1350,3077,2932,6472,MN
1351,553,1540,2230,MN
1352,4623,9182,14867,MN
1353,860,1930,3002,MN
1354,3825,7256,12129,MN
1355,930,991,2074,MN
1356,1225,3208,4794,MN
1357,2733,7062,10469,MN
1358,4978,12155,18684,MN
1359,3192,8103,12198,MN
1360,3709,8340,12948,MN
1361,3637,12925,17534,MN
1362,7444,8826,17587,MN
1363,1295,2974,4642,MN
1364,7886,8436,17914,MN
1365,2733,5299,8592,MN
1366,1264,1699,3232,MN
1367,36266,35668,79277,MN
1368,9339,20939,32284,MN
1369,2146,4000,6671,MN
1370,4580,8191,13729,MN
1371,1127,3338,4779,MN
1372,4712,8979,14698,MN
1373,2106,3793,6294,MN
1374,176929,70778,269161,MN
1375,540,1141,1871,MN
1376,1887,5137,7566,MN
1377,2117,4890,7563,MN
1378,14437,15429,32217,MN
1379,1373,3091,4807,MN
1380,1856,5451,7767,MN
1381,28502,39948,74390,MN
1382,13299,31049,47938,MN
1383,1954,5193,7727,MN
1384,57769,44631,111260,MN
1385,25575,47618,78985,MN
1386,6239,11198,19040,MN
1387,2116,2800,5350,MN
1388,1679,2962,4968,MN
1389,2783,8485,11944,MN
1390,631,1050,1791,MN
1391,3866,6989,11764,MN
1392,1684,4837,6894,MN
1393,2838,5967,9579,MN
1394,67086,64429,142843,MN
1395,1814,2768,4971,MN
1396,893,2129,3279,MN
1397,11366,12122,25852,MN
1398,20336,43274,69154,MN
1399,1524,3382,5253,MN
1400,3495,6019,10137,MO
1401,2045,6665,9140,MO
1402,541,2059,2723,MO
1403,2567,6981,10043,MO
1404,2710,11427,14604,MO
1405,795,4958,5932,MO
1406,1617,6000,8021,MO
1407,2024,7212,9584,MO
1408,705,4827,5669,MO
1409,41072,36146,83312,MO
1410,12010,21315,35563,MO
1411,3036,13647,17232,MO
1412,837,3231,4309,MO
1413,4988,13052,19127,MO
1414,4706,16721,22182,MO
1415,8468,26939,36875,MO
1416,745,3480,4361,MO
1417,436,2323,2842,MO
1418,14816,33006,50715,MO
1419,1010,5019,6278,MO
1420,888,2948,3962,MO
1421,8505,30941,41394,MO
1422,724,2458,3316,MO
1423,45182,57328,109237,MO
1424,2572,7058,10197,MO
1425,10907,24610,37261,MO
1426,1932,5623,7976,MO
1427,1824,7724,9920,MO
1428,637,3184,3951,MO
1429,1271,5895,7440,MO
1430,730,2763,3689,MO
1431,824,3540,4590,MO
1432,978,5599,6778,MO
1433,984,5486,6664,MO
1434,2360,8026,10574,MO
1435,12339,35420,50045,MO
1436,1519,5670,7444,MO
1437,605,2304,3033,MO
1438,42400,77387,127609,MO
1439,780,3462,4413,MO
1440,574,2965,3682,MO
1441,2356,7072,9855,MO
1442,1016,3539,4717,MO
1443,346,1926,2348,MO
1444,1279,3277,4851,MO
1445,2880,13888,17415,MO
1446,933,3173,4260,MO
1447,163723,114777,294063,MO
1448,10565,35058,48179,MO
1449,31546,68973,105969,MO
1450,5924,13702,21087,MO
1451,379,1413,1867,MO
1452,2543,12834,15959,MO
1453,4047,10977,15815,MO
1454,2898,13084,16674,MO
1455,933,3343,4452,MO
1456,5561,18111,24857,MO
1457,1239,4084,5572,MO
1458,1265,4879,6408,MO
1459,1518,5794,7579,MO
1460,1005,4102,5318,MO
1461,794,3559,4498,MO
1462,2993,9418,12902,MO
1463,1329,6599,8233,MO
1464,216,1486,1739,MO
1465,1750,9285,11414,MO
1466,1458,3600,5165,MO
1467,1237,5344,6808,MO
1468,853,3159,4147,MO
1469,1118,4124,5424,MO
1470,1768,6757,8815,MO
1471,1933,5270,7352,MO
1472,4988,20546,26506,MO
1473,2529,6379,9439,MO
1474,865,3668,4664,MO
1475,998,5845,7078,MO
1476,724,3639,4501,MO
1477,1946,3964,6025,MO
1478,1520,6907,8732,MO
1479,4322,12792,18045,MO
1480,4761,12699,18499,MO
1481,1806,5274,7375,MO
1482,18915,24975,46641,MO
1483,2630,10435,13709,MO
1484,2918,9870,13443,MO
1485,352,1936,2342,MO
1486,1138,3969,5266,MO
1487,2283,7529,10309,MO
1488,3088,7103,10835,MO
1489,540,2402,3032,MO
1490,830,4520,5518,MO
1491,2787,5977,9245,MO
1492,354,1505,1933,MO
1493,365,1525,1968,MO
1494,3574,13168,17244,MO
1495,776,2966,3904,MO
1496,606,2524,3252,MO
1497,68225,120899,199513,MO
1498,936,3501,4630,MO
1499,6250,17467,24714,MO
1500,280866,199081,503493,MO
1501,101487,20281,127403,MO
1502,2540,5495,8459,MO
1503,1873,11077,13278,MO
1504,2886,13149,16538,MO
1505,526,1884,2484,MO
1506,4367,18240,23399,MO
1507,1728,8875,10935,MO
1508,1706,6526,8576,MO
1509,3915,11109,15766,MO
1510,1926,7047,9279,MO
1511,946,4640,5738,MO
1512,3173,12829,16690,MO
1513,195,808,1046,MO
1514,1166,6703,8086,MO
1515,6921,5125,12214,MS
1516,2684,11817,14781,MS
1517,2688,4282,7033,MS
1518,2847,4288,7242,MS
1519,1713,2240,3996,MS
1520,8410,4251,12831,MS
1521,1884,4360,6339,MS
1522,1648,3774,5470,MS
1523,3649,4127,7890,MS
1524,1198,2763,4020,MS
1525,2523,414,2954,MS
1526,2556,5088,7713,MS
1527,5695,4136,9960,MS
1528,6378,2426,8912,MS
1529,6203,5576,11906,MS
1530,3267,5423,8790,MS
1531,19892,42155,64022,MS
1532,11271,15149,27284,MS
1533,1471,2685,4219,MS
1534,1013,8652,9831,MS
1535,956,4309,5325,MS
1536,4386,5940,10442,MS
1537,3320,13720,17517,MS
1538,20679,39710,62076,MS
1539,64922,24919,91536,MS
1540,5820,1151,7045,MS
1541,2652,924,3599,MS
1542,395,298,699,MS
1543,1100,8385,9634,MS
1544,13087,31204,45465,MS
1545,4367,4032,8468,MS
1546,3337,489,3859,MS
1547,3720,2466,6237,MS
1548,7748,20076,28250,MS
1549,2827,1778,4639,MS
1550,7968,10872,19642,MS
1551,5044,18493,24179,MS
1552,10910,17574,28967,MS
1553,2181,4072,6329,MS
1554,3579,4775,8436,MS
1555,9635,21695,31974,MS
1556,6677,2757,9566,MS
1557,4458,10550,15193,MS
1558,11545,13124,25139,MS
1559,18358,25607,45048,MS
1560,3572,7697,11443,MS
1561,7944,6525,14698,MS
1562,5485,10107,15781,MS
1563,1775,2334,4162,MS
1564,2668,7613,10438,MS
1565,2549,5929,8594,MS
1566,4330,1181,5538,MS
1567,7851,7671,16151,MS
1568,7300,7371,14854,MS
1569,2919,15530,18893,MS
1570,1220,4135,5432,MS
1571,7636,7748,15633,MS
1572,2123,9442,11811,MS
1573,2067,7647,9871,MS
1574,2303,998,3353,MS
1575,13741,46168,61356,MS
1576,3999,5742,9867,MS
1577,1290,619,1926,MS
1578,3871,7393,11416,MS
1579,1598,5877,7556,MS
1580,1400,4810,6368,MS
1581,6560,2768,9406,MS
1582,3337,2462,5870,MS
1583,3804,7385,11389,MS
1584,1808,7182,9143,MS
1585,990,7117,8310,MS
1586,2577,840,3463,MS
1587,1969,9161,11374,MS
1588,2475,3374,5909,MS
1589,8518,9420,18287,MS
1590,9847,4541,14571,MS
1591,3493,5957,9534,MS
1592,1001,3949,5024,MS
1593,2826,1305,4174,MS
1594,3778,4874,8771,MS
1595,2574,3366,6058,MS
1596,5221,4568,9892,MS
1597,1115,3243,4676,MT
1598,2061,1833,4148,MT
1599,1187,1259,2621,MT
1600,566,2329,3097,MT
1601,1824,3729,5923,MT
1602,70,677,777,MT
1603,12053,19343,33791,MT
1604,729,1676,2571,MT
1605,1172,3638,5145,MT
1606,167,729,952,MT
1607,786,3298,4297,MT
1608,2018,1736,4099,MT
1609,154,1276,1474,MT
1610,1196,4235,5782,MT
1611,13233,30079,46144,MT
1612,23879,23360,52169,MT
1613,34,653,715,MT
1614,3076,1598,4969,MT
1615,71,365,468,MT
1616,469,1185,1762,MT
1617,2350,3446,6347,MT
1618,1975,4099,6535,MT
1619,232,867,1189,MT
1620,4703,7453,12898,MT
1621,14331,16665,33697,MT
1622,205,695,949,MT
1623,2040,6720,9250,MT
1624,1175,3280,4708,MT
1625,154,858,1056,MT
1626,191,728,970,MT
1627,515,1322,1974,MT
1628,30740,21699,57271,MT
1629,331,1961,2404,MT
1630,3521,4872,9056,MT
1631,30,276,319,MT
1632,315,1715,2147,MT
1633,737,1786,2692,MT
1634,127,880,1047,MT
1635,549,2017,2768,MT
1636,100,555,686,MT
1637,6166,14673,22063,MT
1638,669,3885,4812,MT
1639,1504,1722,3486,MT
1640,969,2211,3357,MT
1641,1211,4268,5871,MT
1642,476,1237,1825,MT
1643,8545,6252,16122,MT
1644,904,3630,4816,MT
1645,398,1580,2077,MT
1646,803,2152,3143,MT
1647,399,1495,2018,MT
1648,59,350,441,MT
1649,886,2697,3860,MT
1650,179,698,932,MT
1651,55,460,533,MT
1652,21117,38675,64675,MT
1653,29268,38235,69264,NC
1654,3750,13826,18011,NC
1655,1300,3789,5214,NC
1656,5785,4480,10394,NC
1657,3476,9353,13160,NC
1658,1670,6226,8060,NC
1659,8699,14478,23599,NC
1660,5837,3476,9380,NC
1661,7021,8511,15743,NC
1662,23117,42440,67255,NC
1663,74937,55339,134507,NC
1664,10930,25741,37638,NC
1665,35048,53224,91002,NC
1666,8403,26499,35747,NC
1667,1266,3527,4939,NC
1668,9806,26228,36919,NC
1669,4549,5758,10515,NC
1670,21050,48062,71065,NC
1671,20953,17012,39080,NC
1672,2809,10711,13860,NC
1673,2965,3983,7108,NC
1674,1352,4395,5885,NC
1675,14896,28394,44137,NC
1676,8991,14177,23472,NC
1677,17481,27556,46231,NC
1678,70523,50593,124402,NC
1679,2879,9070,12423,NC
1680,7079,11283,19009,NC
1681,17328,52870,72013,NC
1682,5228,15502,21350,NC
1683,8196,12151,20601,NC
1684,118783,27879,150543,NC
1685,16152,8219,24653,NC
1686,92488,74793,172509,NC
1687,12811,16320,29902,NC
1688,30982,61467,94872,NC
1689,2371,2851,5328,NC
1690,761,3260,4094,NC
1691,12827,13500,26920,NC
1692,3570,4358,8013,NC
1693,147949,97461,252087,NC
1694,15642,8954,24881,NC
1695,16452,27278,44955,NC
1696,10414,18844,30156,NC
1697,19664,35535,56810,NC
1698,6886,3081,10100,NC
1699,9608,7676,17847,NC
1700,956,1275,2273,NC
1701,24441,54164,80727,NC
1702,7564,9706,18004,NC
1703,28153,54082,84553,NC
1704,2041,2941,5039,NC
1705,10380,13625,24676,NC
1706,11752,13354,25500,NC
1707,9836,28653,39449,NC
1708,4841,12035,17336,NC
1709,3899,6735,10966,NC
1710,5814,5874,11852,NC
1711,4645,14517,19557,NC
1712,292258,154303,461834,NC
1713,1585,6225,7948,NC
1714,4108,7070,11449,NC
1715,16148,30273,47746,NC
1716,23024,23142,46903,NC
1717,50219,54665,108737,NC
1718,6113,3556,9761,NC
1719,17156,36342,55364,NC
1720,59105,18373,79830,NC
1721,2427,4225,6772,NC
1722,8455,8082,16964,NC
1723,9086,17317,27072,NC
1724,2291,4143,6595,NC
1725,7772,11116,19303,NC
1726,40967,35191,78264,NC
1727,3715,6738,10723,NC
1728,13074,49156,63615,NC
1729,8290,10199,18813,NC
1730,18377,20294,39454,NC
1731,14057,26463,41374,NC
1732,19208,42388,63078,NC
1733,7451,21694,29764,NC
1734,10486,14761,25638,NC
1735,7279,6212,13743,NC
1736,7008,21788,29451,NC
1737,4645,16976,22182,NC
1738,7438,23495,31663,NC
1739,2186,3557,5982,NC
1740,6520,10441,17440,NC
1741,705,968,1700,NC
1742,34051,66265,103596,NC
1743,12168,7304,19762,NC
1744,298353,193607,510940,NC
1745,6668,3302,10123,NC
1746,3490,2560,6115,NC
1747,13953,13521,28769,NC
1748,21520,27360,49824,NC
1749,6596,23613,30844,NC
1750,19527,17410,37593,NC
1751,3140,13815,17350,NC
1752,3181,6367,9808,NC
1753,216,904,1206,ND
1754,1597,3156,5253,ND
1755,842,927,1940,ND
1756,58,492,592,ND
1757,734,2482,3437,ND
1758,227,1445,1769,ND
1759,118,879,1031,ND
1760,10865,32499,46874,ND
1761,31291,39738,78807,ND
1762,476,1356,1969,ND
1763,551,1656,2372,ND
1764,243,860,1187,ND
1765,356,1753,2199,ND
1766,354,790,1219,ND
1767,215,1672,1959,ND
1768,346,1237,1699,ND
1769,99,793,942,ND
1770,10828,16325,29711,ND
1771,187,1098,1361,ND
1772,298,847,1247,ND
1773,168,1032,1261,ND
1774,179,1106,1358,ND
1775,500,1475,2115,ND
1776,112,867,1030,ND
1777,474,1991,2687,ND
1778,233,1095,1423,ND
1779,696,3661,4594,ND
1780,1070,3827,5206,ND
1781,616,3715,4564,ND
1782,3077,11319,15547,ND
1783,1211,2551,4009,ND
1784,536,1025,1694,ND
1785,119,827,1002,ND
1786,681,2204,3093,ND
1787,431,1433,2020,ND
1788,1505,3216,5218,ND
1789,836,1209,2317,ND
1790,200,978,1255,ND
1791,2064,4759,7460,ND
1792,2097,1210,3662,ND
1793,693,1088,1978,ND
1794,94,644,774,ND
1795,758,256,1177,ND
1796,42,361,427,ND
1797,1745,9718,12115,ND
1798,361,537,984,ND
1799,2484,6706,9938,ND
1800,305,733,1137,ND
1801,1239,2263,3864,ND
1802,1166,2991,4543,ND
1803,5792,18601,26861,ND
1804,419,1793,2352,ND
1805,1722,10033,12529,ND
1806,3272,9205,13172,NE
1807,381,2717,3220,NE
1808,16,237,263,NE
1809,18,355,390,NE
1810,30,273,313,NE
1811,414,2299,2867,NE
1812,953,3550,4761,NE
1813,128,978,1142,NE
1814,153,1380,1579,NE
1815,4690,14424,20477,NE
1816,928,2360,3523,NE
1817,690,3068,3914,NE
1818,3461,8388,12609,NE
1819,572,3533,4360,NE
1820,171,1621,1851,NE
1821,317,2623,3082,NE
1822,702,3610,4569,NE
1823,470,2373,2973,NE
1824,857,2171,3172,NE
1825,712,3095,3988,NE
1826,635,4616,5489,NE
1827,2904,4028,7259,NE
1828,785,2559,3578,NE
1829,2116,5935,8486,NE
1830,120,809,977,NE
1831,556,2041,2744,NE
1832,4451,9736,14959,NE
1833,105207,102151,219531,NE
1834,89,823,949,NE
1835,610,2100,2879,NE
1836,250,1345,1656,NE
1837,161,1106,1310,NE
1838,304,1915,2315,NE
1839,2930,6333,9854,NE
1840,153,869,1063,NE
1841,121,819,968,NE
1842,165,792,1000,NE
1843,20,367,394,NE
1844,210,911,1165,NE
1845,6142,14139,21331,NE
1846,873,3763,4902,NE
1847,219,1302,1582,NE
1848,30,471,510,NE
1849,158,1216,1440,NE
1850,522,4275,4979,NE
1851,40,355,414,NE
1852,544,2284,2958,NE
1853,831,2387,3430,NE
1854,560,1348,2051,NE
1855,550,2519,3242,NE
1856,560,3203,3945,NE
1857,39,458,514,NE
1858,227,1317,1636,NE
1859,715,3181,4061,NE
1860,60533,60456,129803,NE
1861,2878,11992,15674,NE
1862,32,400,451,NE
1863,48,323,382,NE
1864,2663,10518,13956,NE
1865,14,257,286,NE
1866,601,2914,3707,NE
1867,282,1788,2166,NE
1868,280,1257,1599,NE
1869,765,2068,3035,NE
1870,348,1709,2153,NE
1871,2017,4833,7279,NE
1872,279,970,1314,NE
1873,160,1202,1418,NE
1874,571,3832,4609,NE
1875,382,3052,3580,NE
1876,2612,10864,14047,NE
1877,411,2019,2538,NE
1878,638,4212,5061,NE
1879,798,2684,3666,NE
1880,70,687,793,NE
1881,1630,2849,4795,NE
1882,27704,44649,77781,NE
1883,2509,7486,10598,NE
1884,3151,9952,13895,NE
1885,1881,5451,7754,NE
1886,286,2192,2565,NE
1887,338,1143,1553,NE
1888,77,602,709,NE
1889,417,2173,2748,NE
1890,490,1993,2613,NE
1891,30,344,387,NE
1892,911,1013,2029,NE
1893,337,1770,2172,NE
1894,2606,7374,10584,NE
1895,828,2675,3740,NE
1896,306,1320,1687,NE
1897,62,377,459,NE
1898,1181,4686,6256,NE
1899,13517,19315,34462,NH
1900,12987,14635,29063,NH
1901,22064,16876,41080,NH
1902,6558,7951,15255,NH
1903,28510,19010,50065,NH
1904,99589,100013,210622,NH
1905,40198,37674,81982,NH
1906,79994,90447,179005,NH
1907,34894,29072,67918,NH
1908,10210,10796,22101,NH
1909,54472,47882,105738,NJ
1910,209251,163220,383965,NJ
1911,108361,79539,194988,NJ
1912,142375,71020,220437,NJ
1913,18626,28237,48375,NJ
1914,27045,24213,53018,NJ
1915,231031,62059,299808,NJ
1916,66355,66949,138388,NJ
1917,149980,45615,201425,NJ
1918,28797,38565,70582,NJ
1919,93721,42604,141332,NJ
1920,164887,108981,282668,NJ
1921,135825,165305,311474,NJ
1922,114437,125376,248848,NJ
1923,81845,170103,259592,NJ
1924,112608,71488,189099,NJ
1925,11766,16256,29220,NJ
1926,83839,64640,154249,NJ
1927,24132,46486,73860,NJ
1928,145412,67582,219385,NJ
1929,16991,29393,48442,NJ
1930,141960,93874,269861,NM
1931,426,1453,2024,NM
1932,5530,12869,20159,NM
1933,3721,3179,7975,NM
1934,2118,2569,5271,NM
1935,2776,7560,11292,NM
1936,192,617,903,NM
1937,37543,25095,69324,NM
1938,5008,13124,19523,NM
1939,6226,5251,12633,NM
1940,962,591,1809,NM
1941,156,311,527,NM
1942,780,906,1836,NM
1943,3877,12306,17369,NM
1944,2329,5889,8856,NM
1945,5443,3329,10430,NM
1946,3195,3478,7245,NM
1947,13162,4893,20791,NM
1948,1533,662,2429,NM
1949,6033,11756,19636,NM
1950,1016,2208,3550,NM
1951,9534,3583,14767,NM
1952,1445,3865,5855,NM
1953,27405,25748,60597,NM
1954,12826,27879,45476,NM
1955,7249,2302,10662,NM
1956,49956,14198,70082,NM
1957,1600,2998,5129,NM
1958,3275,2592,6756,NM
1959,10550,2706,15072,NM
1960,1770,3695,6250,NM
1961,318,1214,1688,NM
1962,10810,13175,27350,NM
1963,9610,13125,25016,NV
1964,2210,7828,10936,NV
1965,401068,319571,765421,NV
1966,8453,17406,27871,NV
1967,3400,13542,18545,NV
1968,65,329,423,NV
1969,74,723,854,NV
1970,1386,4521,6433,NV
1971,403,1828,2413,NV
1972,285,1671,2132,NV
1973,6146,16005,23762,NV
1974,637,1179,1997,NV
1975,5095,13320,19592,NV
1976,430,1403,1982,NV
1977,752,1616,2558,NV
1978,97032,94529,209282,NV
1979,707,2723,3773,NV
1980,74775,44227,125644,NY
1981,4473,11712,17111,NY
1982,318403,34424,358857,NY
1983,35212,38077,77657,NY
1984,8717,18668,28961,NY
1985,12202,16194,30124,NY
1986,17281,29418,49381,NY
1987,12394,19025,33195,NY
1988,5943,11024,18113,NY
1989,13446,13181,28378,NY
1990,13123,12756,27255,NY
1991,7976,9207,18424,NY
1992,5825,11012,17778,NY
1993,56874,58163,120199,NY
1994,192065,173817,383248,NY
1995,6760,7275,15079,NY
1996,6517,7636,15148,NY
1997,5805,12759,19563,NY
1998,6946,15986,24463,NY
1999,6370,11546,18869,NY
2000,752,1795,2688,NY
2001,7289,15664,24261,NY
2002,12289,19947,34263,NY
2003,595086,133653,746295,NY
2004,2828,6916,10312,NY
2005,10478,19211,31363,NY
2006,10548,14901,27392,NY
2007,174063,128871,320164,NY
2008,5961,10579,17438,NY
2009,307326,275479,599649,NY
2010,515481,58935,591368,NY
2011,32888,49223,86000,NY
2012,30749,48490,83876,NY
2013,102915,78277,191962,NY
2014,20233,24343,47664,NY
2015,63037,72129,140753,NY
2016,4327,11582,16722,NY
2017,15614,25870,44122,NY
2018,9285,12284,23024,NY
2019,17363,25241,44186,NY
2020,473389,138550,627021,NY
2021,30039,31933,65991,NY
2022,67561,95612,167209,NY
2023,63454,57148,123943,NY
2024,46546,51088,104089,NY
2025,30870,27268,61629,NY
2026,3777,8173,12673,NY
2027,2761,5179,8423,NY
2028,5175,6719,12727,NY
2029,14659,18450,35154,NY
2030,11215,25091,38373,NY
2031,276953,328403,625720,NY
2032,10983,14626,26509,NY
2033,6852,12528,20556,NY
2034,25555,9647,37747,NY
2035,40010,32962,77134,NY
2036,11366,14284,27568,NY
2037,8238,12770,22401,NY
2038,12378,21935,36598,NY
2039,245670,121643,378506,NY
2040,3585,11884,16280,NY
2041,3219,5180,8975,NY
2042,2293,8445,11063,OH
2043,12815,29858,44636,OH
2044,5659,17169,24074,OH
2045,15191,22755,39809,OH
2046,15552,10816,27941,OH
2047,3825,18130,22860,OH
2048,8652,20729,30537,OH
2049,4270,14257,19139,OH
2050,56700,104441,168422,OH
2051,3124,9067,12807,OH
2052,4488,12314,17597,OH
2053,22666,34311,59620,OH
2054,26096,65960,96455,OH
2055,3943,13466,18100,OH
2056,12273,31086,45261,OH
2057,3908,10381,14961,OH
2058,4518,13265,18702,OH
2059,383974,179894,583230,OH
2060,4395,19698,25000,OH
2061,5282,11478,17795,OH
2062,39584,55660,100101,OH
2063,15692,19301,36730,OH
2064,24150,43163,70542,OH
2065,2672,7763,10817,OH
2066,335961,192328,554711,OH
2067,5981,13419,20693,OH
2068,2564,9567,12588,OH
2069,17165,29577,48736,OH
2070,28023,47506,79633,OH
2071,4286,11164,16156,OH
2072,207587,169972,395000,OH
2073,9419,23777,35216,OH
2074,2870,8541,12014,OH
2075,1663,5021,6956,OH
2076,3690,9136,13671,OH
2077,3436,13005,17048,OH
2078,3713,8282,12513,OH
2079,1766,8578,10823,OH
2080,7080,15930,24332,OH
2081,3142,9618,13239,OH
2082,9483,20668,31346,OH
2083,7959,18563,27768,OH
2084,45056,62627,112790,OH
2085,6849,18240,25949,OH
2086,26360,49346,79399,OH
2087,4537,15586,21007,OH
2088,64958,65346,136654,OH
2089,107363,74102,191684,OH
2090,4662,11319,16754,OH
2091,56188,52808,112827,OH
2092,7748,16563,25648,OH
2093,31582,53811,89360,OH
2094,2157,6869,9410,OH
2095,3335,17200,21315,OH
2096,12832,36311,51467,OH
2097,1647,4781,6686,OH
2098,117661,120766,249560,OH
2099,1711,4315,6290,OH
2100,3711,11722,16186,OH
2101,10926,23588,36217,OH
2102,1201,4441,5875,OH
2103,8136,12389,21742,OH
2104,2068,6359,8842,OH
2105,4072,9978,14647,OH
2106,6325,16482,23814,OH
2107,3443,7669,11513,OH
2108,31463,38978,73968,OH
2109,4323,15376,20475,OH
2110,2874,14704,18387,OH
2111,15629,35805,53739,OH
2112,9905,17833,28955,OH
2113,9733,16045,27491,OH
2114,8841,19742,29618,OH
2115,7237,14559,23481,OH
2116,4143,18148,23110,OH
2117,66581,96345,170868,OH
2118,129922,109531,249937,OH
2119,42130,48152,94073,OH
2120,11895,26105,40088,OH
2121,7530,17601,26533,OH
2122,2667,10328,13584,OH
2123,1332,3799,5393,OH
2124,33036,75947,114254,OH
2125,7841,19901,28992,OH
2126,14670,31622,48550,OH
2127,4287,11706,16938,OH
2128,26440,31734,62287,OH
2129,2484,7346,10396,OH
2130,1374,4753,6468,OK
2131,216,1931,2256,OK
2132,795,4068,5002,OK
2133,176,1987,2237,OK
2134,958,6287,7529,OK
2135,711,2884,3793,OK
2136,2793,10449,13775,OK
2137,2418,6473,9336,OK
2138,11666,39969,55250,OK
2139,4002,13751,18533,OK
2140,5455,9992,16487,OK
2141,1064,4202,5419,OK
2142,70,962,1077,OK
2143,38790,62469,109326,OK
2144,411,1892,2393,OK
2145,11439,19153,32504,OK
2146,424,2054,2602,OK
2147,1249,4279,5778,OK
2148,5834,21539,28786,OK
2149,2102,7818,10531,OK
2150,3306,11796,15680,OK
2151,222,1964,2246,OK
2152,155,1610,1826,OK
2153,4391,15998,21692,OK
2154,1852,8243,10531,OK
2155,3878,17293,22257,OK
2156,287,1827,2200,OK
2157,323,1482,1896,OK
2158,224,714,975,OK
2159,131,1307,1485,OK
2160,882,3697,4734,OK
2161,961,3387,4525,OK
2162,1473,5969,7806,OK
2163,365,1905,2345,OK
2164,782,3081,4001,OK
2165,3734,12168,16795,OK
2166,783,5151,6123,OK
2167,766,2593,3489,OK
2168,797,3094,4050,OK
2169,3245,13346,17199,OK
2170,2423,10838,14001,OK
2171,4239,13613,18948,OK
2172,735,2920,3787,OK
2173,310,2940,3399,OK
2174,1095,4202,5487,OK
2175,3423,11550,15712,OK
2176,2893,13151,16839,OK
2177,1799,8642,10709,OK
2178,2122,5501,7958,OK
2179,1086,4173,5525,OK
2180,7969,15029,24193,OK
2181,901,3707,4870,OK
2182,742,3321,4237,OK
2183,943,2791,3933,OK
2184,112661,141429,273609,OK
2185,4379,8926,13924,OK
2186,5593,12559,18942,OK
2187,2584,7627,10686,OK
2188,1341,4716,6346,OK
2189,8785,16644,27749,OK
2190,3704,12740,17250,OK
2191,3633,10420,14814,OK
2192,6005,17826,25417,OK
2193,748,3581,4483,OK
2194,151,1546,1758,OK
2195,7895,30893,40834,OK
2196,2067,5612,8032,OK
2197,3061,10888,14437,OK
2198,3084,14166,17886,OK
2199,855,4615,5771,OK
2200,657,1944,2706,OK
2201,87663,143985,246557,OK
2202,6711,22967,31246,OK
2203,5047,15810,22208,OK
2204,588,3851,4628,OK
2205,521,2945,3665,OK
2206,871,6329,7573,OK
2207,1781,6160,8479,OR
2208,28431,13030,45577,OR
2209,90187,79062,182136,OR
2210,8899,7794,18158,OR
2211,9959,12967,25077,OR
2212,10355,17699,30181,OR
2213,2591,8388,11638,OR
2214,4253,7157,12163,OR
2215,40222,43667,90584,OR
2216,13891,34112,51350,OR
2217,221,632,937,OR
2218,732,3187,4171,OR
2219,682,2904,3850,OR
2220,6359,3223,10383,OR
2221,43550,53083,103789,OR
2222,2892,5337,8874,OR
2223,13223,26582,42613,OR
2224,7080,20170,29240,OR
2225,628,3001,3814,OR
2226,100497,66218,181072,OR
2227,12300,9901,24035,OR
2228,17456,32683,54724,OR
2229,2213,7141,9950,OR
2230,48803,54336,110804,OR
2231,1004,2698,3989,OR
2232,271754,63055,357762,OR
2233,15741,18333,37030,OR
2234,202,726,983,OR
2235,5701,6486,13261,OR
2236,7466,16775,26116,OR
2237,3221,8378,12465,OR
2238,1097,2825,4177,OR
2239,4634,5721,11251,OR
2240,137818,75903,232034,OR
2241,153,583,792,OR
2242,18635,22589,45116,OR
2243,14077,31249,47138,PA
2244,363017,257488,643173,PA
2245,6849,22676,30446,PA
2246,30225,46081,79036,PA
2247,3613,19455,23504,PA
2248,75169,93094,175934,PA
2249,13093,37224,52029,PA
2250,6263,17957,25399,PA
2251,165861,163873,342572,PA
2252,26834,61388,92027,PA
2253,17798,40510,60167,PA
2254,469,1495,2024,PA
2255,8917,18714,28721,PA
2256,36555,35099,75394,PA
2257,140188,115582,266637,PA
2258,4256,12545,17481,PA
2259,7700,23909,32692,PA
2260,4533,9701,14839,PA
2261,8502,17387,27127,PA
2262,10215,23912,35563,PA
2263,44282,65649,115068,PA
2264,64287,60620,130160,PA
2265,169169,106559,284832,PA
2266,3637,9704,13854,PA
2267,54820,57168,117240,PA
2268,17826,34388,53426,PA
2269,626,1680,2398,PA
2270,17322,49554,69345,PA
2271,904,5676,6743,PA
2272,4157,10394,14955,PA
2273,4487,14369,19496,PA
2274,11468,24920,37728,PA
2275,3437,14533,18551,PA
2276,1810,8234,10402,PA
2277,51593,48102,102740,PA
2278,90066,137145,239151,PA
2279,13933,25323,40555,PA
2280,17860,38804,58906,PA
2281,77087,70285,153031,PA
2282,51454,77508,132731,PA
2283,12926,35475,50294,PA
2284,3802,11159,15572,PA
2285,17631,30034,49594,PA
2286,3563,14050,18239,PA
2287,31930,31706,65944,PA
2288,251063,160803,427489,PA
2289,2851,5274,8535,PA
2290,65936,71384,142775,PA
2291,9184,24418,34971,PA
2292,4630,15613,21153,PA
2293,560542,105418,680227,PA
2294,9247,16035,26066,PA
2295,1300,6247,7777,PA
2296,16724,43937,62750,PA
2297,3991,11710,16333,PA
2298,7367,27347,35730,PA
2299,756,2318,3168,PA
2300,5065,13295,19200,PA
2301,3642,12928,17334,PA
2302,6138,10605,17400,PA
2303,5889,15254,22096,PA
2304,4828,12032,17624,PA
2305,34436,58941,96945,PA
2306,6398,15269,22365,PA
2307,59506,116427,181740,PA
2308,3573,8375,12418,PA
2309,67428,126933,203153,PA
2310,14532,8910,24691,RI
2311,37582,38141,79691,RI
2312,22680,14975,39761,RI
2313,141597,90321,241818,RI
2314,33511,27074,64160,RI
2315,3712,6742,10724,SC
2316,25426,45981,74773,SC
2317,2722,788,3578,SC
2318,21040,56109,80296,SC
2319,3886,2197,6195,SC
2320,4395,4888,9479,SC
2321,29577,39986,72770,SC
2322,30492,44223,78919,SC
2323,3569,3785,7553,SC
2324,89048,75233,175850,SC
2325,6089,15165,21754,SC
2326,6582,7272,14202,SC
2327,7125,9576,17128,SC
2328,7635,7246,15156,SC
2329,7616,9083,17231,SC
2330,13866,14973,29636,SC
2331,5832,5637,11696,SC
2332,24010,34932,62463,SC
2333,4491,6842,11644,SC
2334,6936,4024,11252,SC
2335,26630,29498,57770,SC
2336,13234,17334,31519,SC
2337,73338,125595,211572,SC
2338,10633,16881,28600,SC
2339,5163,3483,8794,SC
2340,36731,83819,124503,SC
2341,7789,6100,14216,SC
2342,10293,17464,28875,SC
2343,13718,23598,38717,SC
2344,8845,16770,26474,SC
2345,5170,2789,8110,SC
2346,35143,79866,121829,SC
2347,8522,5434,14217,SC
2348,5928,4257,10353,SC
2349,2479,2651,5215,SC
2350,6212,10011,16795,SC
2351,7979,24096,33530,SC
2352,26258,11909,38824,SC
2353,10327,36096,48871,SC
2354,108401,52753,169400,SC
2355,2809,5525,8559,SC
2356,39888,76101,120793,SC
2357,24024,18733,44048,SC
2358,4727,7058,12087,SC
2359,9949,4863,15049,SC
2360,41230,66245,113425,SC
2361,340,974,1407,SD
2362,1912,4455,6772,SD
2363,412,666,1149,SD
2364,704,2105,2974,SD
2365,4879,6748,12680,SD
2366,5452,9613,16113,SD
2367,571,1565,2288,SD
2368,296,171,490,SD
2369,693,3355,4346,SD
2370,105,704,831,SD
2371,935,2382,3433,SD
2372,398,1139,1657,SD
2373,2608,2109,5069,SD
2374,3174,7764,11669,SD
2375,535,588,1175,SD
2376,1120,3290,4716,SD
2377,2355,5157,7952,SD
2378,974,1627,2747,SD
2379,570,1366,2080,SD
2380,887,723,1707,SD
2381,214,1338,1605,SD
2382,380,1433,1918,SD
2383,821,2511,3563,SD
2384,204,858,1118,SD
2385,970,2381,3562,SD
2386,391,1600,2091,SD
2387,77,936,1044,SD
2388,555,2051,2762,SD
2389,334,1391,1818,SD
2390,424,1497,2006,SD
2391,38,694,769,SD
2392,2449,5174,8173,SD
2393,692,2517,3365,SD
2394,125,543,690,SD
2395,323,722,1095,SD
2396,264,648,967,SD
2397,69,450,558,SD
2398,703,1680,2551,SD
2399,2314,4038,6786,SD
2400,3356,7411,11842,SD
2401,8076,15499,25231,SD
2402,369,977,1421,SD
2403,754,1056,1947,SD
2404,623,1794,2587,SD
2405,192,892,1137,SD
2406,2223,8441,11621,SD
2407,238,402,683,SD
2408,281,706,1064,SD
2409,30610,42043,78263,SD
2410,1042,1729,2930,SD
2411,2504,241,2896,SD
2412,14074,29804,47741,SD
2413,188,1333,1606,SD
2414,215,1069,1335,SD
2415,1539,2142,3886,SD
2416,241,819,1123,SD
2417,919,1854,2951,SD
2418,329,1148,1567,SD
2419,137,679,861,SD
2420,1505,487,2125,SD
2421,462,2069,2630,SD
2422,961,2937,4150,SD
2423,2227,5288,7895,SD
2424,457,1896,2477,SD
2425,3301,5654,9616,SD
2426,352,368,766,SD
2427,9010,19201,29723,TN
2428,3384,11455,15300,TN
2429,1474,4715,6322,TN
2430,896,3621,4650,TN
2431,12085,37385,51849,TN
2432,7070,29761,38392,TN
2433,2248,9860,12504,TN
2434,1126,4006,5299,TN
2435,2323,7731,10333,TN
2436,3453,16897,20993,TN
2437,3877,11295,15823,TN
2438,902,3827,4850,TN
2439,1831,8589,10706,TN
2440,707,2140,2919,TN
2441,1980,9791,12108,TN
2442,4741,14409,19895,TN
2443,1302,3977,5386,TN
2444,5202,20410,26298,TN
2445,148473,84365,246199,TN
2446,894,3580,4577,TN
2447,1566,5164,6940,TN
2448,4718,13213,18619,TN
2449,2815,10175,13290,TN
2450,5865,13046,19306,TN
2451,1100,6032,7311,TN
2452,4372,11526,16363,TN
2453,5255,13779,19484,TN
2454,2915,7964,11120,TN
2455,1154,6618,7985,TN
2456,4211,18538,23491,TN
2457,998,3626,4750,TN
2458,4075,15839,20579,TN
2459,55260,78661,141088,TN
2460,322,1842,2229,TN
2461,4174,4912,9242,TN
2462,1622,8012,9949,TN
2463,3502,16611,20694,TN
2464,3704,3010,6824,TN
2465,1796,8118,10172,TN
2466,3061,9483,12887,TN
2467,1823,5685,7762,TN
2468,865,2180,3165,TN
2469,1967,4928,7139,TN
2470,1129,3229,4447,TN
2471,3490,14760,18994,TN
2472,988,5400,6556,TN
2473,62861,105724,179266,TN
2474,577,1357,1970,TN
2475,3656,4884,8678,TN
2476,2821,12419,15658,TN
2477,890,3579,4601,TN
2478,2550,10375,13270,TN
2479,4916,17588,23304,TN
2480,1071,6260,7490,TN
2481,15438,21321,37764,TN
2482,2829,7680,10832,TN
2483,2848,8167,11402,TN
2484,10026,23781,35068,TN
2485,3507,14673,18694,TN
2486,1847,7839,10035,TN
2487,856,3337,4311,TN
2488,3184,13361,17050,TN
2489,21686,32320,57278,TN
2490,496,2325,2926,TN
2491,1053,5429,6664,TN
2492,2425,9525,12223,TN
2493,1943,6055,8195,TN
2494,597,2167,2855,TN
2495,536,2019,2609,TN
2496,1252,5097,6520,TN
2497,6847,18981,26958,TN
2498,1942,8650,10946,TN
2499,4833,15863,21580,TN
2500,6634,19393,27042,TN
2501,36627,64428,106518,TN
2502,934,6044,7123,TN
2503,1051,4434,5667,TN
2504,6293,28610,36180,TN
2505,206640,114948,331861,TN
2506,1688,5485,7410,TN
2507,1222,3864,5283,TN
2508,11910,45577,59860,TN
2509,18153,50105,71080,TN
2510,5779,16893,23372,TN
2511,943,2099,3142,TN
2512,1260,5666,7166,TN
2513,1010,5024,6204,TN
2514,539,1820,2417,TN
2515,3535,9535,13565,TN
2516,13003,34179,49411,TN
2517,717,5034,5842,TN
2518,2770,9001,12127,TN
2519,1842,7657,9776,TN
2520,30992,68160,104700,TN
2521,14356,39304,56286,TN
2522,3358,13165,16887,TX
2523,836,3925,4926,TX
2524,7538,21666,29870,TX
2525,2458,7730,10467,TX
2526,394,3785,4269,TX
2527,70,924,1017,TX
2528,4635,8598,13605,TX
2529,2319,9637,12255,TX
2530,397,1343,1784,TX
2531,1726,8159,10213,TX
2532,10555,16314,28250,TX
2533,191,1267,1492,TX
2534,3443,4743,8458,TX
2535,37608,51780,93999,TX
2536,319191,240161,586038,TX
2537,1244,4212,5669,TX
2538,31,330,365,TX
2539,1277,6325,7797,TX
2540,8831,24913,34470,TX
2541,43075,72653,120296,TX
2542,23041,38662,66036,TX
2543,1869,2073,4226,TX
2544,91,625,734,TX
2545,1937,613,2596,TX
2546,1621,12010,13949,TX
2547,1491,5316,6945,TX
2548,3785,14595,19046,TX
2549,4663,6516,11709,TX
2550,2118,4638,6957,TX
2551,568,4858,5556,TX
2552,59319,29432,91804,TX
2553,1260,3201,4542,TX
2554,249,2617,2945,TX
2555,2250,9182,11606,TX
2556,526,1413,1996,TX
2557,2939,13278,16661,TX
2558,3466,12896,16701,TX
2559,253,1802,2084,TX
2560,536,4376,5011,TX
2561,190,679,901,TX
2562,140,1265,1423,TX
2563,387,3177,3635,TX
2564,139837,200395,356545,TX
2565,145,983,1154,TX
2566,1977,6323,8480,TX
2567,14166,44996,61567,TX
2568,788,4300,5208,TX
2569,148,885,1067,TX
2570,2345,13174,15894,TX
2571,5057,12212,18127,TX
2572,84,486,583,TX
2573,299,1047,1381,TX
2574,372,980,1395,TX
2575,468,1180,1712,TX
2576,454,280,762,TX
2577,222,1258,1535,TX
2578,458845,261865,750649,TX
2579,835,2636,3562,TX
2580,1185,2911,4201,TX
2581,400,1836,2279,TX
2582,110000,169175,293287,TX
2583,1161,5510,6822,TX
2584,128,755,909,TX
2585,2173,974,3225,TX
2586,190,1225,1460,TX
2587,2783,1316,4159,TX
2588,776,6008,6935,TX
2589,10225,24976,36373,TX
2590,302,741,1065,TX
2591,16197,44807,63064,TX
2592,145509,54567,210458,TX
2593,2159,11205,13810,TX
2594,1682,3438,5232,TX
2595,2123,9536,11972,TX
2596,2127,8648,11029,TX
2597,403,1265,1722,TX
2598,435,1473,1958,TX
2599,113,383,511,TX
2600,134475,117212,260367,TX
2601,665,3583,4356,TX
2602,1461,5995,7608,TX
2603,1401,1232,2683,TX
2604,597,3907,4609,TX
2605,45503,73566,123994,TX
2606,224,1223,1475,TX
2607,2286,10445,13123,TX
2608,34,553,602,TX
2609,973,2618,3713,TX
2610,1567,4580,6304,TX
2611,699,6495,7360,TX
2612,10276,35274,47068,TX
2613,11623,28693,41365,TX
2614,2194,7065,9528,TX
2615,18308,36495,57220,TX
2616,2090,6347,8802,TX
2617,164,891,1089,TX
2618,479,3056,3609,TX
2619,171,1730,1947,TX
2620,249,1207,1511,TX
2621,2779,19600,22768,TX
2622,706471,544960,1302887,TX
2623,7130,18712,26364,TX
2624,172,1727,1945,TX
2625,314,1403,1765,TX
2626,33117,33730,71524,TX
2627,181,1460,1687,TX
2628,5649,23574,29855,TX
2629,118739,48608,172990,TX
2630,2535,10075,12906,TX
2631,1257,5793,7282,TX
2632,4001,21367,26120,TX
2633,2508,10704,13476,TX
2634,1978,6205,8302,TX
2635,1768,6635,8692,TX
2636,324,503,871,TX
2637,6301,23866,31185,TX
2638,854,7039,8126,TX
2639,90,660,760,TX
2640,314,2973,3339,TX
2641,904,4266,5275,TX
2642,2582,10578,13351,TX
2643,422,694,1175,TX
2644,42404,42828,87363,TX
2645,1635,430,2119,TX
2646,6688,5411,12346,TX
2647,10976,44370,57270,TX
2648,935,4815,5932,TX
2649,1144,2959,4185,TX
2650,10265,29537,40979,TX
2651,3633,15663,19936,TX
2652,99,84,186,TX
2653,59,360,433,TX
2654,4665,17658,23090,TX
2655,206,1697,1945,TX
2656,5,149,159,TX
2657,457,936,1424,TX
2658,4713,4364,9483,TX
2659,247,1078,1358,TX
2660,3579,14546,18537,TX
2661,770,3040,3905,TX
2662,1479,6371,8149,TX
2663,1125,870,2049,TX
2664,1170,7339,8633,TX
2665,1372,4996,6522,TX
2666,909,6391,7407,TX
2667,4851,18856,24155,TX
2668,1748,5747,7648,TX
2669,135,1159,1322,TX
2670,739,3450,4267,TX
2671,1825,8283,10377,TX
2672,4,57,64,TX
2673,27956,65566,98060,TX
2674,403,1546,1997,TX
2675,881,3349,4283,TX
2676,1156,2968,4206,TX
2677,266,1453,1755,TX
2678,353,1656,2053,TX
2679,3357,8147,11779,TX
2680,10397,2816,13588,TX
2681,480,2546,3086,TX
2682,27046,48245,78255,TX
2683,40,454,497,TX
2684,4624,12054,17187,TX
2685,153,681,860,TX
2686,9993,36896,48753,TX
2687,2042,6340,8607,TX
2688,242,1949,2238,TX
2689,353,1780,2190,TX
2690,885,7526,8604,TX
2691,45744,150188,203083,TX
2692,1096,3974,5262,TX
2693,1425,3443,4964,TX
2694,40,571,620,TX
2695,6822,14751,22430,TX
2696,3998,11984,16382,TX
2697,978,2961,4010,TX
2698,1029,3551,4744,TX
2699,49102,50704,103958,TX
2700,274,2628,2981,TX
2701,78,850,945,TX
2702,5716,25385,31761,TX
2703,1700,8222,10175,TX
2704,1835,8445,10413,TX
2705,8329,46433,56413,TX
2706,848,1911,2818,TX
2707,1551,2463,4167,TX
2708,7123,26587,34444,TX
2709,7620,19499,28330,TX
2710,1458,652,2203,TX
2711,619,3919,4630,TX
2712,8340,43379,53813,TX
2713,167,709,900,TX
2714,262,1382,1678,TX
2715,1148,3924,5147,TX
2716,1659,1417,3184,TX
2717,1034,1830,2945,TX
2718,20,524,550,TX
2719,2203,4665,7010,TX
2720,9633,28396,39529,TX
2721,452,3241,3765,TX
2722,3935,14675,18994,TX
2723,614,3992,4642,TX
2724,907,2620,3563,TX
2725,2034,8050,10305,TX
2726,7825,13004,21513,TX
2727,293,2025,2354,TX
2728,209,819,1054,TX
2729,733,4403,5261,TX
2730,103,1378,1502,TX
2731,1757,7171,9072,TX
2732,96,807,933,TX
2733,22128,58631,83161,TX
2734,540,3206,3876,TX
2735,9246,2218,11691,TX
2736,348,3033,3453,TX
2737,70,549,633,TX
2738,135,555,701,TX
2739,313,1075,1415,TX
2740,462,1671,2190,TX
2741,288001,345683,662832,TX
2742,10047,33172,45266,TX
2743,140,287,437,TX
2744,424,1295,1763,TX
2745,84,715,808,TX
2746,2538,6405,9176,TX
2747,9117,27376,38104,TX
2748,306475,126750,462511,TX
2749,1154,4737,5982,TX
2750,1243,6601,7969,TX
2751,2378,13198,15918,TX
2752,284,961,1296,TX
2753,3863,4828,8936,TX
2754,6920,5856,13476,TX
2755,2792,18436,21689,TX
2756,8843,21253,31032,TX
2757,6085,12878,19683,TX
2758,5744,10525,16715,TX
2759,780,2541,3413,TX
2760,3381,10944,14747,TX
2761,42297,12946,56867,TX
2762,4238,10149,14707,TX
2763,194,2087,2306,TX
2764,8752,27609,37913,TX
2765,807,3166,4101,TX
2766,3416,1541,5082,TX
2767,84252,104029,200524,TX
2768,4790,13991,19255,TX
2769,420,1403,1873,TX
2770,3412,20655,24661,TX
2771,2624,15681,18646,TX
2772,426,1797,2299,TX
2773,873,6587,7658,TX
2774,2056,1028,3134,TX
2775,2633,692,3390,TX
2776,264,1838,2490,UT
2777,1814,10324,16548,UT
2778,6705,16643,35879,UT
2779,1696,5182,7818,UT
2780,76,327,465,UT
2781,22575,46985,104661,UT
2782,500,5505,6932,UT
2783,379,3402,4263,UT
2784,352,1577,2294,UT
2785,1932,1934,4456,UT
2786,2104,10025,15354,UT
2787,436,2759,4076,UT
2788,739,2248,3482,UT
2789,431,3860,5234,UT
2790,572,3156,5136,UT
2791,31,537,617,UT
2792,104,786,1096,UT
2793,154831,117901,361347,UT
2794,1997,2635,5385,UT
2795,1026,6436,9778,UT
2796,673,6455,8308,UT
2797,10251,7160,20133,UT
2798,4015,9693,18905,UT
2799,1002,9876,12883,UT
2800,24579,89755,174942,UT
2801,3063,6115,12120,UT
2802,9583,39566,57494,UT
2803,271,959,1410,UT
2804,22187,38447,81451,UT
2805,6737,8582,15755,VA
2806,33297,19232,56134,VA
2807,57147,13241,74384,VA
2808,2165,4873,7306,VA
2809,2150,4704,7035,VA
2810,4986,9643,15164,VA
2811,2023,5714,7954,VA
2812,91879,20155,119344,VA
2813,8108,26152,36661,VA
2814,603,1548,2243,VA
2815,9733,30578,42186,VA
2816,453,2572,3124,VA
2817,4492,13369,18641,VA
2818,1832,4884,6966,VA
2819,4473,3045,7645,VA
2820,1721,7292,9220,VA
2821,3128,3969,7284,VA
2822,693,1432,2395,VA
2823,6597,19442,27218,VA
2824,6425,7143,14189,VA
2825,2557,10653,13587,VA
2826,2244,1381,3745,VA
2827,2153,3479,5792,VA
2828,17865,2951,22211,VA
2829,52554,53988,111827,VA
2830,80993,84938,175288,VA
2831,3047,4657,8131,VA
2832,2367,5681,8427,VA
2833,914,1349,2369,VA
2834,541,2139,2784,VA
2835,7744,13341,22087,VA
2836,2032,2693,4875,VA
2837,11051,7306,18862,VA
2838,1335,4932,6405,VA
2839,5765,7447,13533,VA
2840,1531,792,2367,VA
2841,2541,2657,5354,VA
2842,354485,157837,542858,VA
2843,7363,3695,11854,VA
2844,5810,1323,7667,VA
2845,12960,22110,37124,VA
2846,2300,5289,7972,VA
2847,5751,7018,13492,VA
2848,7254,18560,26805,VA
2849,2516,1421,4040,VA
2850,11920,26069,40133,VA
2851,6690,3731,11135,VA
2852,680,1603,2363,VA
2853,1949,5930,8196,VA
2854,5399,13087,19524,VA
2855,4884,8374,13930,VA
2856,1407,5593,7258,VA
2857,2923,5943,9503,VA
2858,2558,1737,4363,VA
2859,6890,9698,16946,VA
2860,41030,17802,61489,VA
2861,19360,39592,62313,VA
2862,10100,6232,17693,VA
2863,93615,59674,161966,VA
2864,8199,15207,24029,VA
2865,371,958,1391,VA
2866,4722,3885,8968,VA
2867,7673,11971,20481,VA
2868,19091,21284,42737,VA
2869,1451,2059,3615,VA
2870,4002,7338,11967,VA
2871,2752,5963,9088,VA
2872,2862,3520,6599,VA
2873,1627,7542,9353,VA
2874,1514,766,2448,VA
2875,99909,69633,180265,VA
2876,6208,10507,17507,VA
2877,2226,3206,5577,VA
2878,14787,17979,35349,VA
2879,2202,4418,6934,VA
2880,8395,5934,15210,VA
2881,3218,1732,5214,VA
2882,3531,2149,5873,VA
2883,1563,3515,5292,VA
2884,6571,8283,15177,VA
2885,2107,3668,5994,VA
2886,20015,19455,42695,VA
2887,3677,4150,8247,VA
2888,3545,8117,12163,VA
2889,40997,23650,68432,VA
2890,51429,19875,75172,VA
2891,3255,2686,6134,VA
2892,2830,5089,8176,VA
2893,383,1021,1456,VA
2894,2829,3712,6717,VA
2895,5955,10511,17157,VA
2896,2514,7824,10663,VA
2897,1768,6454,8489,VA
2898,12005,1448,13717,VA
2899,9195,21742,31687,VA
2900,1599,5089,7114,VA
2901,28462,12773,43000,VA
2902,4057,11875,16794,VA
2903,4590,4099,9113,VA
2904,6419,9157,16140,VA
2905,83093,54065,144854,VA
2906,4170,10314,15112,VA
2907,2923,2637,6032,VA
2908,1741,2532,4444,VA
2909,1347,2213,3651,VA
2910,74640,14254,94724,VA
2911,16787,30857,50149,VA
2912,23403,16045,41728,VA
2913,3506,6671,10685,VA
2914,9361,25269,36536,VA
2915,2328,9516,12195,VA
2916,4212,7225,12129,VA
2917,1579,8242,10055,VA
2918,5269,14078,20335,VA
2919,2661,9747,12825,VA
2920,3595,5035,8872,VA
2921,24204,34619,62083,VA
2922,27879,33840,65350,VA
2923,5329,5129,11144,VA
2924,23012,17206,41929,VA
2925,2069,1785,3976,VA
2926,2874,2055,5036,VA
2927,2895,15160,18495,VA
2928,76744,84389,171876,VA
2929,5165,11762,17791,VA
2930,5548,19309,25715,VA
2931,3762,4798,9114,VA
2932,3723,4331,8291,VA
2933,5199,1921,7534,VA
2934,5161,4786,10574,VA
2935,2687,11983,14991,VA
2936,2765,10044,13250,VA
2937,12989,18823,34062,VA
2938,11217,5297,17592,VT
2939,9539,5925,16345,VT
2940,6445,5533,12966,VT
2941,54463,18298,77263,VT
2942,1019,1506,2706,VT
2943,9351,8752,19373,VT
2944,2094,1487,3778,VT
2945,7241,3570,11641,VT
2946,7522,4997,13464,VT
2947,5181,5158,10988,VT
2948,13629,12471,27660,VT
2949,18594,7993,28654,VT
2950,14340,5462,21151,VT
2951,17544,8604,27832,VT
2952,1118,2740,4081,WA
2953,3118,5712,9684,WA
2954,25173,45594,76907,WA
2955,10770,15070,27415,WA
2956,15154,15685,32985,WA
2957,90697,90590,195784,WA
2958,523,1491,2171,WA
2959,17842,24066,45485,WA
2960,3600,7208,11467,WA
2961,1091,2178,3560,WA
2962,7839,11358,20584,WA
2963,276,841,1232,WA
2964,7768,18482,28260,WA
2965,11378,13269,26736,WA
2966,20766,18259,42425,WA
2967,12556,5986,20100,WA
2968,657149,197781,910823,WA
2969,60561,46762,118625,WA
2970,7190,9845,18334,WA
2971,3781,5390,9859,WA
2972,7236,16273,24995,WA
2973,1238,4095,5692,WA
2974,11872,13539,27767,WA
2975,3980,6305,10893,WA
2976,4597,5338,10667,WA
2977,1932,4364,6788,WA
2978,160306,136046,322592,WA
2979,7053,2651,10589,WA
2980,26076,24330,54831,WA
2981,2207,2910,5587,WA
2982,167943,116433,309496,WA
2983,86590,103846,208081,WA
2984,4348,11059,16438,WA
2985,65015,46219,122301,WA
2986,824,1328,2333,WA
2987,7550,10775,19718,WA
2988,59402,40247,108223,WA
2989,5521,5462,12128,WA
2990,28484,39593,72306,WA
2991,3780,5983,10107,WI
2992,4136,3428,7926,WI
2993,7881,13595,22514,WI
2994,4953,4125,9491,WI
2995,53358,67192,127497,WI
2996,2531,4049,6921,WI
2997,2948,5412,8719,WI
2998,9634,15345,26429,WI
2999,11875,17912,31471,WI
3000,4225,8645,13548,WI
3001,13525,14160,29287,WI
3002,3426,3844,7678,WI
3003,217506,71270,304729,WI
3004,13968,26643,42818,WI
3005,8026,8584,17398,WI
3006,11342,9657,22185,WI
3007,9025,11487,22029,WI
3008,27271,23301,54080,WI
3009,666,1897,2651,WI
3010,17391,31044,51094,WI
3011,1583,2787,4507,WI
3012,10047,12347,24051,WI
3013,9121,8693,18791,WI
3014,2700,6210,9315,WI
3015,6669,4809,12123,WI
3016,1273,2090,3477,WI
3017,3821,4907,9202,WI
3018,16559,23409,42324,WI
3019,4100,7188,11736,WI
3020,35770,36025,75825,WI
3021,3623,6616,10742,WI
3022,32402,26384,62785,WI
3023,3288,3977,7602,WI
3024,3260,6436,10093,WI
3025,5370,8400,14563,WI
3026,14563,23234,39991,WI
3027,26476,39010,68849,WI
3028,6243,12995,19979,WI
3029,2808,4712,7813,WI
3030,1003,269,1279,WI
3031,288986,126091,434970,WI
3032,7047,11442,19554,WI
3033,5886,13255,19924,WI
3034,8103,11677,20837,WI
3035,38117,51579,95162,WI
3036,20167,30458,53368,WI
3037,1345,2228,3746,WI
3038,8380,11260,21089,WI
3039,7568,13864,22691,WI
3040,18524,17310,38123,WI
3041,2671,4562,7560,WI
3042,42506,46620,93678,WI
3043,3577,4021,7962,WI
3044,39336,31483,75043,WI
3045,2171,4564,7029,WI
3046,16050,15871,33848,WI
3047,2846,4625,7767,WI
3048,6056,12742,19697,WI
3049,22636,32368,58290,WI
3050,17496,26123,46819,WI
3051,2398,6589,9417,WI
3052,5645,7370,13581,WI
3053,6351,6994,14193,WI
3054,4769,8169,13453,WI
3055,18706,28848,50570,WI
3056,3283,5404,9059,WI
3057,20854,51729,76246,WI
3058,79199,145519,236269,WI
3059,8303,16013,25491,WI
3060,3802,7669,11961,WI
3061,37054,43447,85892,WI
3062,14232,21502,37712,WI
3063,1213,4509,6024,WV
3064,12287,28210,42770,WV
3065,1783,6483,8654,WV
3066,1315,3516,5063,WV
3067,2549,6574,9540,WV
3068,11306,19648,32701,WV
3069,456,2023,2604,WV
3070,566,2289,2958,WV
3071,360,2347,2826,WV
3072,4246,10263,15187,WV
3073,537,1889,2528,WV
3074,510,4338,4945,WV
3075,3743,9499,13984,WV
3076,1576,6646,8557,WV
3077,3247,8870,12642,WV
3078,1249,4544,6022,WV
3079,7675,18687,27868,WV
3080,2648,8959,12108,WV
3081,9458,13144,24007,WV
3082,27985,43464,74996,WV
3083,1336,5245,6885,WV
3084,1435,5257,6988,WV
3085,2082,9866,12315,WV
3086,6926,14592,22910,WV
3087,2894,9565,13083,WV
3088,2069,7597,10115,WV
3089,1429,4614,6179,WV
3090,4689,17362,22919,WV
3091,2019,8957,11410,WV
3092,1365,7876,9469,WV
3093,14568,18278,35733,WV
3094,1089,4337,5670,WV
3095,1568,5718,7635,WV
3096,1821,7169,9385,WV
3097,5452,11077,17819,WV
3098,726,2388,3212,WV
3099,620,2342,3130,WV
3100,924,2474,3619,WV
3101,2462,9501,12611,WV
3102,5784,17455,24443,WV
3103,6362,21835,29311,WV
3104,2724,7583,10816,WV
3105,490,3376,4040,WV
3106,1220,3772,5234,WV
3107,1186,3444,4847,WV
3108,1483,4701,6498,WV
3109,750,2557,3464,WV
3110,505,2967,3621,WV
3111,1763,6971,9180,WV
3112,3334,11077,15080,WV
3113,554,2284,2955,WV
3114,1348,4461,6191,WV
3115,383,1903,2410,WV
3116,8327,25168,35256,WV
3117,1061,6527,7809,WV
3118,6888,7601,16420,WY
3119,594,4067,5079,WY
3120,1324,15778,17935,WY
3121,1279,4409,6200,WY
3122,668,5520,6552,WY
3123,271,3347,3771,WY
3124,4200,11167,16543,WY
3125,924,4418,5708,WY
3126,400,1939,2535,WY
3127,638,3477,4349,WY
3128,11572,24844,39945,WY
3129,1105,6779,8398,WY
3130,6573,23523,32493,WY
3131,115,1116,1297,WY
3132,2535,11115,14634,WY
3133,719,3437,4460,WY
3134,2926,10266,14187,WY
3135,644,3409,4297,WY
3136,3233,12153,16661,WY
3137,7313,3920,12176,WY
3138,1202,6154,8053,WY
3139,532,2911,3715,WY
3140,294,2898,3334,WY
